Error_Message,Error_Value,Exception_Source,Field_Compared,JSE_Value,RTC_Value
Data Alignment Failure: Entity exists on the Clearing System and is not in the JSE System.,ClearingMemberId : STDXXXCM001. TradingMemberId : FWCXXXTM001. MarketId : EQUITY_DERIVATIVES. ,ClearingMemberLink,ClearingMemberId. TradingMemberId. MarketId,,ClearingMemberId : STDXXXCM001. TradingMemberId : FWCXXXTM001. MarketId : EQUITY_DERIVATIVES. 
Data Alignment Failure: Entity exists on the Clearing System and is not in the JSE System.,ClearingMemberId : NDBXXXCM001. TradingMemberId : BSIXXXTM001. MarketId : IRC. ,ClearingMemberLink,ClearingMemberId. TradingMemberId. MarketId,,ClearingMemberId : NDBXXXCM001. TradingMemberId : BSIXXXTM001. MarketId : IRC. 
Data Alignment Failure: Entity exists on the Clearing System and is not in the JSE System.,ClearingMemberId : RMBXXXCM001. TradingMemberId : AFFXXXTM001. MarketId : IRC. ,ClearingMemberLink,ClearingMemberId. TradingMemberId. MarketId,,ClearingMemberId : RMBXXXCM001. TradingMemberId : AFFXXXTM001. MarketId : IRC. 
Data Alignment Failure: Entity exists on the Clearing System and is not in the JSE System.,ClearingMemberId : ABMXXXCM001. TradingMemberId : TBEXXXTM001. MarketId : IRC. ,ClearingMemberLink,ClearingMemberId. TradingMemberId. MarketId,,ClearingMemberId : ABMXXXCM001. TradingMemberId : TBEXXXTM001. MarketId : IRC. 
Data Alignment Failure: Entity exists on the Clearing System and is not in the JSE System.,ClearingMemberId : ABMXXXCM001. TradingMemberId : TGBXXXTM001. MarketId : EQUITY_DERIVATIVES. ,ClearingMemberLink,ClearingMemberId. TradingMemberId. MarketId,,ClearingMemberId : ABMXXXCM001. TradingMemberId : TGBXXXTM001. MarketId : EQUITY_DERIVATIVES. 
Data Alignment Failure: Entity exists on the Clearing System and is not in the JSE System.,ClearingMemberId : RMBXXXCM001. TradingMemberId : BGCXXXTM001. MarketId : IRC. ,ClearingMemberLink,ClearingMemberId. TradingMemberId. MarketId,,ClearingMemberId : RMBXXXCM001. TradingMemberId : BGCXXXTM001. MarketId : IRC. 
Validation Failure: Entity contains a discrepancy between the JSE System and the Clearing System.,Acknowledger: STD8 (TripartiteAgreementId : 404. ),TripartiteAgreement,Acknowledger,'STD8,'DMGXXXTM001
Validation Failure: Entity contains a discrepancy between the JSE System and the Clearing System.,Acknowledger: IVMXXXTM001 (TripartiteAgreementId : 603. ),TripartiteAgreement,Acknowledger,'IVMXXXTM001,'ISLXXXTM001
