<?xml version="1.0" encoding="utf-8"?>
<MessageHistory xmlns:xsi="http://www.w3.org/2001/XMLSchema-instance" xmlns:xsd="http://www.w3.org/2001/XMLSchema">
  <MID>38474</MID>
  <MessageReference>N016828752-1</MessageReference>
  <MessageRef>N016828752-1</MessageRef>
  <MessageType>MT548</MessageType>
  <ISOMessage>{1:F01XJSEZAJ0AXXX8072241513}{2:O5480604221012ZYAQZAJ0AXXX40779569692210120604N}{3:{108:1551981}}{4:
:16R:GENL
:20C::SEME//N016828752-1
:23G:INST
:98C::PREP//20221012040421
:16R:LINK
:13A::LINK//586
:20C::RELA//2206210632
:16S:LINK
:16R:STAT
:25D::MTCH//NMAT
:16R:REAS
:24B::NMAT//CMIS
:16S:REAS
:16S:STAT
:16S:GENL
:16R:SETTRAN
:35B:ISIN ZAE000004875
NEDCOR LIMITED
:36B::SETT//UNIT/29000,
:19A::SETT//ZAR3602375,15
:97A::SAFE//400110253
:22H::REDE//DELI
:22H::PAYM//APMT
:22F::SETR//TRAD
:98A::SETT//20221014
:98A::EXSE//20221014
:98A::TRAD//20221011
:16R:SETPRTY
:95R::REAG/STRA/ZA301929
:16S:SETPRTY
:16R:SETPRTY
:95P::PSET//ZYANZAJ0
:16S:SETPRTY
:16S:SETTRAN
-}{5:{CHK:B776570F64D2}{TNG:}}</ISOMessage>
  <MessageBlurb>{1:F01XJSEZAJ0AXXX8072241513}{2:O5480604221012ZYAQZAJ0AXXX40779569692210120604N}{3:{108:1551981}}{4: ......</MessageBlurb>
  <CreatedDate>2022-10-12T06:05:33</CreatedDate>
  <STTReceived>False</STTReceived>
  <AckReceived>False</AckReceived>
  <IsValid>True</IsValid>
  <ValidationDetails />
  <PreviousVersions>true</PreviousVersions>
  <LastModified>2022-10-12T06:05:33</LastModified>
  <VersionCreateDate>2022-10-12T06:05:33</VersionCreateDate>
  <VersionEndDate>2022-10-12T10:42:09.7751982+02:00</VersionEndDate>
  <ModifiedDate>0001-01-01T00:00:00</ModifiedDate>
</MessageHistory>