<?xml version="1.0" encoding="utf-8"?>
<MessageHistory xmlns:xsi="http://www.w3.org/2001/XMLSchema-instance" xmlns:xsd="http://www.w3.org/2001/XMLSchema">
  <MID>38438</MID>
  <MessageReference>DEP1210220531419</MessageReference>
  <MessageRef>DEP1210220531419</MessageRef>
  <MessageType>MT548-0601</MessageType>
  <ISOMessage>{1:F01XJSEZAJ0XXXX0000000000}{2:O5480316221012ZYANZAJ0AXXX00000000002210120316N}{3:{108:00695674MS11C002}}{4:
:16R:GENL
:20C::SEME//DEP1210220531419
:23G:INST
:98C::PREP//20221012031515
:16R:LINK
:20C::RELA//ZA001012
:16S:LINK
:16R:LINK
:20C::TRRF//742551202
:16S:LINK
:16R:LINK
:20C::COMM//77q55120
:16S:LINK
:16R:STAT
:25D::IPRC/STRA/0601
:16R:REAS
:24B::PEND/STRA/XREF
:70D::REAS///PAYREF/742551201
:16S:REAS
:16S:STAT
:16S:GENL
:16R:SETTRAN
:35B:ISIN ZAG000125972
R2035
FIXEDRATENOTES
www.strate.co.za
:36B::SETT//FAMT/120,
:97A::SAFE//10114767
:22F::SETR/STRA/XDFP
:22H::REDE//DELI
:22H::PAYM//FREE
:98A::SETT//20221012
:70E::SPRO///AFFM/AFFI
/TAXABLE/N
/TRADDATE/20221010
/CLNTTYPE/02
/TRANTYPE/01
/GUAR/N
/DLTYPE/EO
:16R:SETPRTY
:95Q::BUYR//BREF/ZA124004
:97A::SAFE//120031521138
:16S:SETPRTY
:16R:SETPRTY
:95R::REAG/STRA/ZA300254
:16S:SETPRTY
:16R:SETPRTY
:95R::RECU/STRA/ZA124004
:16S:SETPRTY
:16R:SETPRTY
:95Q::SELL//SREF/ZA124004
:97A::SAFE//004055/400573849
:16S:SETPRTY
:16R:SETPRTY
:95R::DEAG/STRA/ZA300254
:16S:SETPRTY
:16R:SETPRTY
:95R::DECU/STRA/ZA124004
:16S:SETPRTY
:16S:SETTRAN
-}</ISOMessage>
  <MessageBlurb>{1:F01XJSEZAJ0XXXX0000000000}{2:O5480316221012ZYANZAJ0AXXX00000000002210120316N}{3:{108:00695674MS11 ......</MessageBlurb>
  <CreatedDate>2022-10-12T03:16:52</CreatedDate>
  <STTReceived>False</STTReceived>
  <AckReceived>False</AckReceived>
  <IsValid>True</IsValid>
  <ValidationDetails />
  <PreviousVersions>true</PreviousVersions>
  <LastModified>2022-10-12T03:16:52</LastModified>
  <VersionCreateDate>2022-10-12T03:16:52</VersionCreateDate>
  <VersionEndDate>2022-10-12T10:42:10.7594454+02:00</VersionEndDate>
  <ModifiedDate>0001-01-01T00:00:00</ModifiedDate>
</MessageHistory>