<?xml version="1.0" encoding="utf-8"?>
<MessageHistory xmlns:xsi="http://www.w3.org/2001/XMLSchema-instance" xmlns:xsd="http://www.w3.org/2001/XMLSchema">
  <MID>38486</MID>
  <MessageReference>N016828766-1</MessageReference>
  <MessageRef>N016828766-1</MessageRef>
  <MessageType>MT548</MessageType>
  <ISOMessage>{1:F01XJSEZAJ0AXXX8072241529}{2:O5480604221012ZYAQZAJ0BXXX43804300762210120604N}{3:{108:1551982}}{4:
:16R:GENL
:20C::SEME//N016828766-1
:23G:INST
:98C::PREP//20221012040421
:16R:LINK
:13A::LINK//586
:20C::RELA//2206210600
:16S:LINK
:16R:STAT
:25D::MTCH//NMAT
:16R:REAS
:24B::NMAT//CMIS
:16S:REAS
:16S:STAT
:16S:GENL
:16R:SETTRAN
:35B:ISIN ZAE000035861
CAPITEC BANK LIMITED
:36B::SETT//UNIT/74000,
:19A::SETT//ZAR103361310,4
:97A::SAFE//400615290
:22H::REDE//DELI
:22H::PAYM//APMT
:22F::SETR//TRAD
:98A::SETT//20221014
:98A::EXSE//20221014
:98A::TRAD//20221011
:16R:SETPRTY
:95R::REAG/STRA/ZA300158
:16S:SETPRTY
:16R:SETPRTY
:95P::PSET//ZYANZAJ0
:16S:SETPRTY
:16S:SETTRAN
-}{5:{CHK:0C5E7413F33B}{TNG:}}</ISOMessage>
  <MessageBlurb>{1:F01XJSEZAJ0AXXX8072241529}{2:O5480604221012ZYAQZAJ0BXXX43804300762210120604N}{3:{108:1551982}}{4: ......</MessageBlurb>
  <CreatedDate>2022-10-12T06:05:34</CreatedDate>
  <STTReceived>False</STTReceived>
  <AckReceived>False</AckReceived>
  <IsValid>True</IsValid>
  <ValidationDetails />
  <PreviousVersions>true</PreviousVersions>
  <LastModified>2022-10-12T06:05:34</LastModified>
  <VersionCreateDate>2022-10-12T06:05:34</VersionCreateDate>
  <VersionEndDate>2022-10-12T10:42:09.3976488+02:00</VersionEndDate>
  <ModifiedDate>0001-01-01T00:00:00</ModifiedDate>
</MessageHistory>