<?xml version="1.0" encoding="utf-8"?>
<MessageHistory xmlns:xsi="http://www.w3.org/2001/XMLSchema-instance" xmlns:xsd="http://www.w3.org/2001/XMLSchema">
  <MID>38489</MID>
  <MessageReference>N010502867-1</MessageReference>
  <MessageRef>N010502867-1</MessageRef>
  <MessageType>MT548</MessageType>
  <ISOMessage>{1:F01XJSEZAJ0AXXX8072241554}{2:O5480706221012NEDSZAJ0AXXX79199412142210120706N}{3:{108:6639}}{4:
:16R:GENL
:20C::SEME//N010502867-1
:23G:INST
:98C::PREP//20221012050602
:16R:LINK
:13A::LINK//586
:20C::RELA//2206210626
:16S:LINK
:16R:STAT
:25D::MTCH//NMAT
:16R:REAS
:24B::NMAT//CMIS
:16S:REAS
:16S:STAT
:16S:GENL
:16R:SETTRAN
:35B:ISIN ZAE000035861
CAPITEC
:36B::SETT//UNIT/43000,
:19A::SETT//ZAR60492144,14
:97A::SAFE//8053007252
:22H::REDE//RECE
:22H::PAYM//APMT
:22F::SETR//TRAD
:98A::SETT//20221014
:98A::EXSE//20221014
:98A::TRAD//20221011
:16R:SETPRTY
:95R::DEAG/STRA/ZA300422
:16S:SETPRTY
:16R:SETPRTY
:95P::PSET//ZYANZAJ0
:16S:SETPRTY
:16S:SETTRAN
-}{5:{CHK:CC5B24C67E3A}{TNG:}}</ISOMessage>
  <MessageBlurb>{1:F01XJSEZAJ0AXXX8072241554}{2:O5480706221012NEDSZAJ0AXXX79199412142210120706N}{3:{108:6639}}{4:
:1 ......</MessageBlurb>
  <CreatedDate>2022-10-12T07:07:41</CreatedDate>
  <STTReceived>False</STTReceived>
  <AckReceived>False</AckReceived>
  <IsValid>True</IsValid>
  <ValidationDetails />
  <PreviousVersions>true</PreviousVersions>
  <LastModified>2022-10-12T07:07:41</LastModified>
  <VersionCreateDate>2022-10-12T07:07:41</VersionCreateDate>
  <VersionEndDate>2022-10-12T10:42:09.2832108+02:00</VersionEndDate>
  <ModifiedDate>0001-01-01T00:00:00</ModifiedDate>
</MessageHistory>