<?xml version="1.0" encoding="utf-8"?>
<MessageHistory xmlns:xsi="http://www.w3.org/2001/XMLSchema-instance" xmlns:xsd="http://www.w3.org/2001/XMLSchema">
  <MID>37198</MID>
  <MessageReference>CLR0026GetEligibleSecuritiesWithPricesReq</MessageReference>
  <MessageRef>CLR0026GetEligibleSecuritiesWithPricesReq</MessageRef>
  <MessageType>LUTL(CLR26)</MessageType>
  <ISOMessage>&lt;CLR0026 mID="528d7935-d75b-43a6-ac4e-a0f7bb52a650" pVersion="1.0.0" mDate="2022-09-26T15:35:57.6009214+02:00" mBusinessDate="2022-09-26" mSequence="1" xmlns="http://JSE/CLR/CLR0026/0.1"&gt;
  &lt;GetEligibleSecuritiesWithPricesReqMsg responseID="528d7935-d75b-43a6-ac4e-a0f7bb52a650"&gt;
    &lt;PossDup&gt;false&lt;/PossDup&gt;
    &lt;ActingUser&gt;TRADExpress&lt;/ActingUser&gt;
    &lt;User&gt;TRADExpress&lt;/User&gt;
    &lt;Member&gt;TRADExpress&lt;/Member&gt;
  &lt;/GetEligibleSecuritiesWithPricesReqMsg&gt;
&lt;/CLR0026&gt;</ISOMessage>
  <MessageBlurb>&lt;CLR0026 mID="528d7935-d75b-43a6-ac4e-a0f7bb52a650" pVersion="1.0.0" mDate="2022-09-26T15:35:57.6009 ......</MessageBlurb>
  <CreatedDate>2022-09-29T14:52:10</CreatedDate>
  <STTReceived>False</STTReceived>
  <AckReceived>False</AckReceived>
  <IsValid>False</IsValid>
  <ValidationDetails />
  <PreviousVersions>true</PreviousVersions>
  <LastModified>2022-09-29T14:52:10</LastModified>
  <VersionCreateDate>2022-09-29T14:52:10</VersionCreateDate>
  <VersionEndDate>2022-10-12T10:48:58.1627885+02:00</VersionEndDate>
  <ModifiedDate>0001-01-01T00:00:00</ModifiedDate>
</MessageHistory>