<?xml version="1.0" encoding="utf-8"?>
<MessageHistory xmlns:xsi="http://www.w3.org/2001/XMLSchema-instance" xmlns:xsd="http://www.w3.org/2001/XMLSchema">
  <MID>29304</MID>
  <MessageReference>CSD0003RegisterCollateralSecuritiesReq</MessageReference>
  <MessageRef>CSD0003RegisterCollateralSecuritiesReq</MessageRef>
  <MessageType>LUTL(CSD3)</MessageType>
  <ISOMessage>&lt;?xml version="1.0" encoding="utf-8"?&gt;
&lt;ns0:CSD0003 mDate="2022-07-05" mID="0c41d811-203d-41db-8198-1e8a56280ae8" mSequence="1" pVersion="0.0.1" xmlns:ns0="http://Jse/CSD/CSD0003/0.1"&gt;
	&lt;ns0:RegisterCollateralSecuritiesReqMsg&gt;
		&lt;ns0:ValueDate&gt;2022-07-15&lt;/ns0:ValueDate&gt;
		&lt;ns0:RiskNodeId&gt;39013670096900001&lt;/ns0:RiskNodeId&gt;
		&lt;ns0:MessageReferenceNo&gt;02325814SS31C0009&lt;/ns0:MessageReferenceNo&gt;
		&lt;ns0:ReceiverStrateCode&gt;JSESIT&lt;/ns0:ReceiverStrateCode&gt;
		&lt;ns0:GiverStrateCode&gt;SITMLSZA&lt;/ns0:GiverStrateCode&gt;
		&lt;ns0:AmountRequested&gt;45915779.70&lt;/ns0:AmountRequested&gt;
		&lt;ns0:CurrencyRequested&gt;ZAR&lt;/ns0:CurrencyRequested&gt;
		&lt;ns0:CollateralSecurities&gt;
			&lt;ns0:CollateralSecurityMsg&gt;
				&lt;ns0:CollateralMarketValue&gt;0&lt;/ns0:CollateralMarketValue&gt;
				&lt;ns0:CollateralValueAfterHaircut&gt;0&lt;/ns0:CollateralValueAfterHaircut&gt;
				&lt;ns0:Isin&gt;ZAG000016320&lt;/ns0:Isin&gt;
				&lt;ns0:Quantity&gt;0&lt;/ns0:Quantity&gt;
				&lt;ns0:CurrencyPledged&gt;ZAR&lt;/ns0:CurrencyPledged&gt;
			&lt;/ns0:CollateralSecurityMsg&gt;
		&lt;/ns0:CollateralSecurities&gt;
	&lt;/ns0:RegisterCollateralSecuritiesReqMsg&gt;
&lt;/ns0:CSD0003&gt;

&lt;ns0:CollateralValueAfterHaircut&gt;0&lt;/ns0:CollateralValueAfterHaircut&gt;
				&lt;ns0:Isin&gt;ZAG000106998&lt;/ns0:Isin&gt;
				&lt;ns0:Quantity&gt;0&lt;/ns0:Quantity&gt;
				&lt;ns0:CurrencyPledged&gt;ZAR&lt;/ns0:CurrencyPledged&gt;
			&lt;/ns0:CollateralSecurityMsg&gt;
		&lt;/ns0:CollateralSecurities&gt;
	&lt;/ns0:RegisterCollateralSecuritiesReqMsg&gt;
&lt;/ns0:CSD0003&gt;

</ISOMessage>
  <MessageBlurb>&lt;?xml version="1.0" encoding="utf-8"?&gt;
&lt;ns0:CSD0003 mDate="2022-07-05" mID="0c41d811-203d-41db-8198 ......</MessageBlurb>
  <CreatedDate>2022-07-04T11:01:20</CreatedDate>
  <STTReceived>False</STTReceived>
  <AckReceived>False</AckReceived>
  <IsValid>False</IsValid>
  <ValidationDetails />
  <PreviousVersions>true</PreviousVersions>
  <LastModified>2022-07-04T11:01:20</LastModified>
  <VersionCreateDate>2022-07-04T11:01:20</VersionCreateDate>
  <VersionEndDate>2022-10-12T10:42:26.7883987+02:00</VersionEndDate>
  <ModifiedDate>0001-01-01T00:00:00</ModifiedDate>
</MessageHistory>