<?xml version="1.0" encoding="utf-8"?>
<MessageHistory xmlns:xsi="http://www.w3.org/2001/XMLSchema-instance" xmlns:xsd="http://www.w3.org/2001/XMLSchema">
  <MID>38496</MID>
  <MessageReference>N010502855-2</MessageReference>
  <MessageRef>N010502855-2</MessageRef>
  <MessageType>MT548</MessageType>
  <ISOMessage>{1:F01XJSEZAJ0AXXX8072241560}{2:O5480820221012NEDSZAJ0AXXX79199420242210120820N}{3:{108:6645}}{4:
:16R:GENL
:20C::SEME//N010502855-2
:23G:INST
:98C::PREP//20221012061940
:16R:LINK
:13A::LINK//586
:20C::RELA//2206210526
:16S:LINK
:16R:STAT
:25D::SETT//PEND
:16R:REAS
:24B::PEND//LACK
:16S:REAS
:16S:STAT
:16S:GENL
:16R:SETTRAN
:35B:ISIN ZAE000171963
KAP
:36B::SETT//UNIT/8300,
:19A::SETT//ZAR27714,33
:97A::SAFE//8053007252
:22H::REDE//DELI
:22H::PAYM//APMT
:22F::SETR//TRAD
:98A::SETT//20221013
:98A::EXSE//20221013
:98A::TRAD//20221010
:16R:SETPRTY
:95R::REAG/STRA/ZA300422
:16S:SETPRTY
:16R:SETPRTY
:95P::PSET//ZYANZAJ0
:16S:SETPRTY
:16S:SETTRAN
-}{5:{CHK:7600C380C83C}{TNG:}}</ISOMessage>
  <MessageBlurb>{1:F01XJSEZAJ0AXXX8072241560}{2:O5480820221012NEDSZAJ0AXXX79199420242210120820N}{3:{108:6645}}{4:
:1 ......</MessageBlurb>
  <CreatedDate>2022-10-12T08:20:56</CreatedDate>
  <STTReceived>False</STTReceived>
  <AckReceived>False</AckReceived>
  <IsValid>True</IsValid>
  <ValidationDetails />
  <PreviousVersions>true</PreviousVersions>
  <LastModified>2022-10-12T08:20:56</LastModified>
  <VersionCreateDate>2022-10-12T08:20:56</VersionCreateDate>
  <VersionEndDate>2022-10-12T10:42:09.1063472+02:00</VersionEndDate>
  <ModifiedDate>0001-01-01T00:00:00</ModifiedDate>
</MessageHistory>