<?xml version="1.0" encoding="utf-8"?>
<MessageHistory xmlns:xsi="http://www.w3.org/2001/XMLSchema-instance" xmlns:xsd="http://www.w3.org/2001/XMLSchema">
  <MID>38441</MID>
  <MessageReference>DEP1210220531649</MessageReference>
  <MessageRef>DEP1210220531649</MessageRef>
  <MessageType>MT548-0601</MessageType>
  <ISOMessage>{1:F01XJSEZAJ0XXXX0000000000}{2:O5480600221012ZYANZAJ0AXXX00000000002210120600N}{3:{108:00696012MS11C002}}{4:
:16R:GENL
:20C::SEME//DEP1210220531649
:23G:INST
:98C::PREP//20221012060047
:16R:LINK
:20C::RELA//ZA001012
:16S:LINK
:16R:LINK
:20C::TRRF//742551212
:16S:LINK
:16R:LINK
:20C::COMM//77q55121
:16S:LINK
:16R:STAT
:25D::IPRC/STRA/0601
:16R:REAS
:24B::PEND/STRA/XREF
:70D::REAS///PAYREF/742551211
:16S:REAS
:16S:STAT
:16S:GENL
:16R:SETTRAN
:35B:ISIN ZAG000125972
R2035
FIXEDRATENOTES
www.strate.co.za
:36B::SETT//FAMT/130,
:19A::SETT//ZAR262747,8
:97A::SAFE//10114767
:22F::SETR/STRA/XDVP
:22H::REDE//DELI
:22H::PAYM//APMT
:98A::SETT//20221012
:70E::SPRO///AFFM/AFFI
/TAXABLE/N
/TRADDATE/20221010
/CLNTTYPE/02
/TRANTYPE/01
/GUAR/N
/DLTYPE/EO
:16R:SETPRTY
:95Q::BUYR//BREF/ZA124004
:97A::SAFE//120031521138
:16S:SETPRTY
:16R:SETPRTY
:95R::REAG/STRA/ZA300254
:16S:SETPRTY
:16R:SETPRTY
:95R::RECU/STRA/ZA124004
:16S:SETPRTY
:16R:SETPRTY
:95Q::SELL//SREF/ZA124004
:97A::SAFE//004055/400573849
:16S:SETPRTY
:16R:SETPRTY
:95R::DEAG/STRA/ZA300254
:16S:SETPRTY
:16R:SETPRTY
:95R::DECU/STRA/ZA124004
:16S:SETPRTY
:16S:SETTRAN
-}</ISOMessage>
  <MessageBlurb>{1:F01XJSEZAJ0XXXX0000000000}{2:O5480600221012ZYANZAJ0AXXX00000000002210120600N}{3:{108:00696012MS11 ......</MessageBlurb>
  <CreatedDate>2022-10-12T06:01:31</CreatedDate>
  <STTReceived>False</STTReceived>
  <AckReceived>False</AckReceived>
  <IsValid>True</IsValid>
  <ValidationDetails />
  <PreviousVersions>true</PreviousVersions>
  <LastModified>2022-10-12T06:01:31</LastModified>
  <VersionCreateDate>2022-10-12T06:01:31</VersionCreateDate>
  <VersionEndDate>2022-10-12T10:42:10.6734448+02:00</VersionEndDate>
  <ModifiedDate>0001-01-01T00:00:00</ModifiedDate>
</MessageHistory>