<?xml version="1.0" encoding="utf-8"?>
<MessageHistory xmlns:xsi="http://www.w3.org/2001/XMLSchema-instance" xmlns:xsd="http://www.w3.org/2001/XMLSchema">
  <MID>38440</MID>
  <MessageReference>0000000145500096</MessageReference>
  <MessageRef>0000000145500096</MessageRef>
  <MessageType>MT569</MessageType>
  <ISOMessage>{1:F01XJSEZAJ0XSFX0000000000}{2:O5690541221012ZYANZAJ0XXXX00000000002210120541N}{3:{108:02325814SS31C002}}{4:
:16R:GENL
:28E:1/ONLY
:13A::STAT//001
:20C::SEME//0000000145500096
:23G:NEWM
:98A::PREP//20221012
:22F::STBA//EOSP
:22H::REPR//RECE
:22F::SFRE//DAIL
:16R:COLLPRTY
:95R::PTYA/STRA/JSESIT
:16S:COLLPRTY
:16S:GENL
:16R:SUMM
:19A::TEXA//ZAR1252582950,15
:19A::TCOR//ZAR3097577190,03
:19A::COVA//ZAR3867760803,48
:19A::MARG//ZAR770183613,45
:92A::MARG//24,86
:98A::VALN//20221012
:16S:SUMM
:16R:SUME
:22H::COLA//SLOA
:19A::TEXA//ZAR1252582950,15
:19A::TCOR//ZAR3097577190,03
:19A::COVA//ZAR3867760803,48
:19A::MARG//ZAR770183613,45
:92A::MARG//24,86
:16R:SUMC
:13B::ELIG/STRA/JSESIT-MIX
:95R::PTYB/STRA/ACSZA
:95R::TRAG/STRA/SCT20
:19A::TEXA//ZAR42617050,
:19A::TCOR//ZAR42617050,
:19A::COVA//ZAR831579946,72
:19A::MARG//ZAR788962896,72
:92A::MARG//1851,28
:16R:TRANSDET
:20C::CLTR//3829460873090003
:20C::TCTR//726634
:98A::EXRQ//20220826
:98B::TERM/STRA/OPEN
:19A::COVA//ZAR831579946,72
:19A::TEXA//ZAR42617050,
:19A::MARG//ZAR788962896,72
:19A::TCOR//ZAR42617050,
:19A::TCFA//ZAR0,
:92A::MARG//1851,28
:25D::TREX/STRA/INTD
:16R:VALDET
:17B::COLL//Y
:17B::SECU//Y
:98A::SETT//20221006
:19A::MKTP//ZAR109518530,14
:19A::MVPF//ZAR102392043,88
:92B::EXCH//ZAR/ZAR/1,
:92A::VAFC//6,96
:16R:SECDET
:35B:ISIN ZAG000016320
ZAR 10,50 SOUTH AFRICA, REP.OF(S.18
PLEDGE
:36B::SECV//FAMT/1003872,
:11A::DENO//ZAR
:90A::MRKT//PRCT/10909,611
:94B::RATS/STRA/STRA/CLEARSTREAM COMPOSITE RATING
:70C::RATS//BB- LT
:16S:SECDET
:16S:VALDET
:16R:VALDET
:17B::COLL//Y
:17B::SECU//Y
:98A::SETT//20221011
:19A::MKTP//ZAR789856336,36
:19A::MVPF//ZAR729187902,84
:92B::EXCH//ZAR/ZAR/1,
:92A::VAFC//8,32
:16R:SECDET
:35B:ISIN ZAG000106998
ZAR 8,000000 SOUTH AFRICA REP. 13-2
PLEDGE
:36B::SECV//FAMT/8750810,
:11A::DENO//ZAR
:90A::MRKT//PRCT/9026,094
:94B::RATS/STRA/STRA/CLEARSTREAM COMPOSITE RATING
:70C::RATS//BB- LT
:16S:SECDET
:16S:VALDET
:16S:TRANSDET
:16S:SUMC
:16R:SUMC
:13B::ELIG/STRA/JSESIT-MIX
:95R::PTYB/STRA/NEDABXZA
:95R::TRAG/STRA/SCT20
:19A::TEXA//ZAR56598234,
:19A::TCOR//ZAR56598234,
:19A::COVA//ZAR56600349,86
:19A::MARG//ZAR2115,86
:92A::MARG//0,
:16R:TRANSDET
:20C::CLTR//3920296453350001
:20C::TCTR//726593
:98A::EXRQ//20220815
:98B::TERM/STRA/OPEN
:19A::COVA//ZAR56600349,86
:19A::TEXA//ZAR56598234,
:19A::MARG//ZAR2115,86
:19A::TCOR//ZAR56598234,
:19A::TCFA//ZAR0,
:92A::MARG//0,
:25D::TREX/STRA/INTD
:16R:VALDET
:17B::COLL//Y
:17B::SECU//N
:98A::SETT//20221011
:19A::MKTP//ZAR50119407,27
:19A::MVPF//ZAR50119407,27
:19A::MVBF//ZAR50119407,27
:92B::EXCH//ZAR/ZAR/1,
:92A::VAFC//0,
:16S:VALDET
:16R:VALDET
:17B::COLL//Y
:17B::SECU//Y
:98A::SETT//20220916
:19A::MKTP//ZAR5060878,
:19A::MVPF//ZAR4814381,66
:92B::EXCH//ZAR/ZAR/1,
:92A::VAFC//5,12
:16R:SECDET
:35B:ISIN ZAG000096165
ZAR 7,750000 SOUTH AFRICA REP. 12-2
PLEDGE
:36B::SECV//FAMT/50000,
:11A::DENO//ZAR
:90A::MRKT//PRCT/10121,756
:94B::RATS/STRA/STRA/CLEARSTREAM COMPOSITE RATING
:70C::RATS//BB- LT
:16S:SECDET
:16S:VALDET
:16R:VALDET
:17B::COLL//Y
:17B::SECU//Y
:98A::SETT//20220930
:19A::MKTP//ZAR1805218,8
:19A::MVPF//ZAR1666560,93
:92B::EXCH//ZAR/ZAR/1,
:92A::VAFC//8,32
:16R:SECDET
:35B:ISIN ZAG000106998
ZAR 8,000000 SOUTH AFRICA REP. 13-2
PLEDGE
:36B::SECV//FAMT/20000,
:11A::DENO//ZAR
:90A::MRKT//PRCT/9026,094
:94B::RATS/STRA/STRA/CLEARSTREAM COMPOSITE RATING
:70C::RATS//BB- LT
:16S:SECDET
:16S:VALDET
:16S:TRANSDET
:16S:SUMC
:16R:SUMC
:13B::ELIG/STRA/JSESIT-MIX
:95R::PTYB/STRA/NEDCONZA
:95R::TRAG/STRA/SCT20
:19A::TEXA//ZAR0,
:19A::TCOR//ZAR0,
:19A::COVA//ZAR0,
:19A::MARG//ZAR0,
:92A::MARG//0,
:16R:TRANSDET
:20C::CLTR//3955101623670003
:20C::TCTR//726730
:98A::EXRQ//20220914
:98B::TERM/STRA/OPEN
:19A::COVA//ZAR0,
:19A::TEXA//ZAR0,
:19A::MARG//ZAR0,
:19A::TCOR//ZAR0,
:19A::TCFA//ZAR0,
:92A::MARG//0,
:25D::TREX/STRA/INTD
:16S:TRANSDET
:16S:SUMC
:16R:SUMC
:13B::ELIG/STRA/JSESIT-MIX
:95R::PTYB/STRA/NEDLALZA
:95R::TRAG/STRA/SCT20
:19A::TEXA//ZAR9065944,65
:19A::TCOR//ZAR9065944,65
:19A::COVA//ZAR9071257,92
:19A::MARG//ZAR5313,27
:92A::MARG//0,06
:16R:TRANSDET
:20C::CLTR//3987856974630001
:20C::TCTR//726587
:98A::EXRQ//20220815
:98B::TERM/STRA/OPEN
:19A::COVA//ZAR9071257,92
:19A::TEXA//ZAR9065944,65
:19A::MARG//ZAR5313,27
:19A::TCOR//ZAR9065944,65
:19A::TCFA//ZAR0,
:92A::MARG//0,06
:25D::TREX/STRA/INTD
:16R:VALDET
:17B::COLL//Y
:17B::SECU//Y
:98A::SETT//20221011
:19A::MKTP//ZAR9535706,33
:19A::MVPF//ZAR9071257,92
:92B::EXCH//ZAR/ZAR/1,
:92A::VAFC//5,12
:16R:SECDET
:35B:ISIN ZAG000096165
ZAR 7,750000 SOUTH AFRICA REP. 12-2
PLEDGE
:36B::SECV//FAMT/94210,
:11A::DENO//ZAR
:90A::MRKT//PRCT/10121,756
:94B::RATS/STRA/STRA/CLEARSTREAM COMPOSITE RATING
:70C::RATS//BB- LT
:16S:SECDET
:16S:VALDET
:16S:TRANSDET
:16S:SUMC
:16R:SUMC
:13B::ELIG/STRA/JSESIT-MIX
:95R::PTYB/STRA/NEDLLSZA
:95R::TRAG/STRA/SCT20
:19A::TEXA//ZAR5121,55
:19A::TCOR//ZAR5121,55
:19A::COVA//ZAR5129,94
:19A::MARG//ZAR8,39
:92A::MARG//0,16
:16R:TRANSDET
:20C::CLTR//3987856973330001
:20C::TCTR//726586
:98A::EXRQ//20220815
:98B::TERM/STRA/OPEN
:19A::COVA//ZAR5129,94
:19A::TEXA//ZAR5121,55
:19A::MARG//ZAR8,39
:19A::TCOR//ZAR5121,55
:19A::TCFA//ZAR0,
:92A::MARG//0,16
:25D::TREX/STRA/INTD
:16R:VALDET
:17B::COLL//Y
:17B::SECU//N
:98A::SETT//20220928
:19A::MKTP//ZAR5129,94
:19A::MVPF//ZAR5129,94
:19A::MVBF//ZAR5129,94
:92B::EXCH//ZAR/ZAR/1,
:92A::VAFC//0,
:16S:VALDET
:16S:TRANSDET
:16S:SUMC
:16R:SUMC
:13B::ELIG/STRA/JSESIT-MIX
:95R::PTYB/STRA/NEDLMNZA
:95R::TRAG/STRA/SCT20
:19A::TEXA//ZAR212043020,
:19A::TCOR//ZAR212043020,
:19A::COVA//ZAR221685775,78
:19A::MARG//ZAR9642755,78
:92A::MARG//4,55
:16R:TRANSDET
:20C::CLTR//3919644671220003
:20C::TCTR//726592
:98A::EXRQ//20220815
:98B::TERM/STRA/OPEN
:19A::COVA//ZAR0,
:19A::TEXA//ZAR0,
:19A::MARG//ZAR0,
:19A::TCOR//ZAR0,
:19A::TCFA//ZAR0,
:92A::MARG//0,
:25D::TREX/STRA/INTD
:16S:TRANSDET
:16R:TRANSDET
:20C::CLTR//3829460890610003
:20C::TCTR//726734
:98A::EXRQ//20220920
:98B::TERM/STRA/OPEN
:19A::COVA//ZAR221685775,78
:19A::TEXA//ZAR212043020,
:19A::MARG//ZAR9642755,78
:19A::TCOR//ZAR212043020,
:19A::TCFA//ZAR0,
:92A::MARG//4,55
:25D::TREX/STRA/INTD
:16R:VALDET
:17B::COLL//Y
:17B::SECU//N
:98A::SETT//20221011
:19A::MKTP//ZAR157243989,4
:19A::MVPF//ZAR157243989,4
:19A::MVBF//ZAR157243989,4
:92B::EXCH//ZAR/ZAR/1,
:92A::VAFC//0,
:16S:VALDET
:16R:VALDET
:17B::COLL//Y
:17B::SECU//Y
:98A::SETT//20221011
:19A::MKTP//ZAR68959155,6
:19A::MVPF//ZAR64441786,38
:92B::EXCH//ZAR/ZAR/1,
:92A::VAFC//7,01
:16R:SECDET
:35B:ISIN ZAG000125980
ZAR 9,000000 SOUTH AFRICA REP. 15-2
PLEDGE
:36B::SECV//FAMT/810000,
:11A::DENO//ZAR
:90A::MRKT//PRCT/8513,476
:94B::RATS/STRA/STRA/CLEARSTREAM COMPOSITE RATING
:70C::RATS//BB- LT
:16S:SECDET
:16S:VALDET
:16S:TRANSDET
:16S:SUMC
:16R:SUMC
:13B::ELIG/STRA/JSESIT-MIX
:95R::PTYB/STRA/RSTZA
:95R::TRAG/STRA/SCT20
:19A::TEXA//ZAR763719237,05
:19A::TCOR//ZAR763719237,05
:19A::COVA//ZAR744425487,2
:19A::MARG//NZAR19293749,85
:92A::MARG//N2,53
:16R:TRANSDET
:20C::CLTR//3829460864150003
:20C::TCTR//726733
:98A::EXRQ//20220919
:98B::TERM/STRA/OPEN
:19A::COVA//ZAR744425487,2
:19A::TEXA//ZAR763719237,05
:19A::MARG//NZAR19293749,85
:19A::TCOR//ZAR763719237,05
:19A::TCFA//ZAR0,
:92A::MARG//N2,53
:25D::TREX/STRA/INTD
:16R:VALDET
:17B::COLL//Y
:17B::SECU//N
:98A::SETT//20221011
:19A::MKTP//ZAR744425487,2
:19A::MVPF//ZAR744425487,2
:19A::MVBF//ZAR744425487,2
:92B::EXCH//ZAR/ZAR/1,
:92A::VAFC//0,
:16S:VALDET
:16S:TRANSDET
:16S:SUMC
:16R:SUMC
:13B::ELIG/STRA/JSESIT-MIX
:95R::PTYB/STRA/SITALNGR
:95R::TRAG/STRA/SCT20
:19A::TEXA//ZAR83263083,4
:19A::TCOR//ZAR83263083,4
:19A::COVA//ZAR74128461,57
:19A::MARG//NZAR9134621,83
:92A::MARG//N10,97
:16R:TRANSDET
:20C::CLTR//3912534068280001
:20C::TCTR//726724
:98A::EXRQ//20220908
:98B::TERM/STRA/OPEN
:19A::COVA//ZAR74128461,57
:19A::TEXA//ZAR83263083,4
:19A::MARG//NZAR9134621,83
:19A::TCOR//ZAR83263083,4
:19A::TCFA//ZAR0,
:92A::MARG//N10,97
:25D::TREX/STRA/INTD
:16R:VALDET
:17B::COLL//Y
:17B::SECU//N
:98A::SETT//20221011
:19A::MKTP//ZAR55595945,81
:19A::MVPF//ZAR55595945,81
:19A::MVBF//ZAR55595945,81
:92B::EXCH//ZAR/ZAR/1,
:92A::VAFC//0,
:16S:VALDET
:16R:VALDET
:17B::COLL//Y
:17B::SECU//Y
:98A::SETT//20220921
:19A::MKTP//ZAR10909611,
:19A::MVPF//ZAR10199711,11
:92B::EXCH//ZAR/ZAR/1,
:92A::VAFC//6,96
:16R:SECDET
:35B:ISIN ZAG000016320
ZAR 10,50 SOUTH AFRICA, REP.OF(S.18
PLEDGE
:36B::SECV//FAMT/100000,
:11A::DENO//ZAR
:90A::MRKT//PRCT/10909,611
:94B::RATS/STRA/STRA/CLEARSTREAM COMPOSITE RATING
:70C::RATS//BB- LT
:16S:SECDET
:16S:VALDET
:16R:VALDET
:17B::COLL//Y
:17B::SECU//Y
:98A::SETT//20221010
:19A::MKTP//ZAR9026094,
:19A::MVPF//ZAR8332804,65
:92B::EXCH//ZAR/ZAR/1,
:92A::VAFC//8,32
:16R:SECDET
:35B:ISIN ZAG000106998
ZAR 8,000000 SOUTH AFRICA REP. 13-2
PLEDGE
:36B::SECV//FAMT/100000,
:11A::DENO//ZAR
:90A::MRKT//PRCT/9026,094
:94B::RATS/STRA/STRA/CLEARSTREAM COMPOSITE RATING
:70C::RATS//BB- LT
:16S:SECDET
:16S:VALDET
:16S:TRANSDET
:16S:SUMC
:16R:SUMC
:13B::ELIG/STRA/JSESIT-MIX
:95R::PTYB/STRA/SITCREDS
:95R::TRAG/STRA/SCT20
:19A::TEXA//ZAR85266755,7
:19A::TCOR//ZAR85266755,7
:19A::COVA//ZAR85269904,58
:19A::MARG//ZAR3148,88
:92A::MARG//0,
:16R:TRANSDET
:20C::CLTR//3897830173830001
:20C::TCTR//726723
:98A::EXRQ//20220908
:98B::TERM/STRA/OPEN
:19A::COVA//ZAR85269904,58
:19A::TEXA//ZAR85266757,8
:19A::MARG//ZAR3148,88
:19A::TCOR//ZAR85266755,7
:19A::TCFA//ZAR0,
:92A::MARG//0,
:25D::TREX/STRA/INTD
:16R:VALDET
:17B::COLL//Y
:17B::SECU//N
:98A::SETT//20221011
:19A::MKTP//ZAR73662307,7
:19A::MVPF//ZAR73662307,7
:19A::MVBF//ZAR73662307,7
:92B::EXCH//ZAR/ZAR/1,
:92A::VAFC//0,
:16S:VALDET
:16R:VALDET
:17B::COLL//Y
:17B::SECU//Y
:98A::SETT//20221005
:19A::MKTP//ZAR12573348,94
:19A::MVPF//ZAR11607596,88
:92B::EXCH//ZAR/ZAR/1,
:92A::VAFC//8,32
:16R:SECDET
:35B:ISIN ZAG000106998
ZAR 8,000000 SOUTH AFRICA REP. 13-2
PLEDGE
:36B::SECV//FAMT/139300,
:11A::DENO//ZAR
:90A::MRKT//PRCT/9026,094
:94B::RATS/STRA/STRA/CLEARSTREAM COMPOSITE RATING
:70C::RATS//BB- LT
:16S:SECDET
:16S:VALDET
:16S:TRANSDET
:16S:SUMC
:16R:SUMC
:13B::ELIG/STRA/JSESIT-MIX
:95R::PTYB/STRA/SITLINZA
:95R::TRAG/STRA/SCT20
:19A::TEXA//ZAR0,
:19A::TCOR//ZAR1832690341,32
:19A::COVA//ZAR1832690341,32
:19A::MARG//ZAR0,
:92A::MARG//0,
:16R:TRANSDET
:20C::CLTR//3829460871800003
:20C::TCTR//726781
:98A::EXRQ//20221005
:98B::TERM/STRA/OPEN
:19A::COVA//ZAR1832690341,32
:19A::TEXA//ZAR0,
:19A::MARG//ZAR0,
:19A::TCOR//ZAR1832690341,32
:19A::TCFA//ZAR0,
:92A::MARG//0,
:25D::TREX/STRA/INTD
:16R:VALDET
:17B::COLL//Y
:17B::SECU//N
:98A::SETT//20221010
:19A::MKTP//ZAR1018294000,
:19A::MVPF//ZAR1018294000,
:19A::MVBF//ZAR1018294000,
:92B::EXCH//ZAR/ZAR/1,
:92A::VAFC//0,
:16S:VALDET
:16R:VALDET
:17B::COLL//Y
:17B::SECU//Y
:98A::SETT//20221010
:19A::MKTP//ZAR871078326,68
:19A::MVPF//ZAR814396341,32
:92B::EXCH//ZAR/ZAR/1,
:92A::VAFC//6,96
:16R:SECDET
:35B:ISIN ZAG000016320
ZAR 10,50 SOUTH AFRICA, REP.OF(S.18
PLEDGE
:36B::SECV//FAMT/7984504,
:11A::DENO//ZAR
:90A::MRKT//PRCT/10909,611
:94B::RATS/STRA/STRA/CLEARSTREAM COMPOSITE RATING
:70C::RATS//BB- LT
:16S:SECDET
:16S:VALDET
:16S:TRANSDET
:16S:SUMC
:16R:SUMC
:13B::ELIG/STRA/JSESIT-MIX
:95R::PTYB/STRA/SITMANZA
:95R::TRAG/STRA/SCT20
:19A::TEXA//ZAR4503,8
:19A::TCOR//ZAR4503,8
:19A::COVA//ZAR250,03
:19A::MARG//NZAR4253,77
:92A::MARG//N94,45
:16R:TRANSDET
:20C::CLTR//3897830120970001
:20C::TCTR//726576
:98A::EXRQ//20220810
:98B::TERM/STRA/OPEN
:19A::COVA//ZAR250,03
:19A::TEXA//ZAR4503,8
:19A::MARG//NZAR4253,77
:19A::TCOR//ZAR4503,8
:19A::TCFA//ZAR0,
:92A::MARG//N94,45
:25D::TREX/STRA/INTD
:16R:VALDET
:17B::COLL//Y
:17B::SECU//N
:98A::SETT//20220929
:19A::MKTP//ZAR0,05
:19A::MVPF//ZAR0,05
:19A::MVBF//ZAR0,05
:92B::EXCH//ZAR/ZAR/1,
:92A::VAFC//0,
:16S:VALDET
:16R:VALDET
:17B::COLL//Y
:17B::SECU//Y
:98A::SETT//20220929
:19A::MKTP//ZAR270,78
:19A::MVPF//ZAR249,98
:92B::EXCH//ZAR/ZAR/1,
:92A::VAFC//8,32
:16R:SECDET
:35B:ISIN ZAG000106998
ZAR 8,000000 SOUTH AFRICA REP. 13-2
PLEDGE
:36B::SECV//FAMT/3,
:11A::DENO//ZAR
:90A::MRKT//PRCT/9026,094
:94B::RATS/STRA/STRA/CLEARSTREAM COMPOSITE RATING
:70C::RATS//BB- LT
:16S:SECDET
:16S:VALDET
:16S:TRANSDET
:16S:SUMC
:16R:SUMC
:13B::ELIG/STRA/JSESIT-MIX
:95R::PTYB/STRA/SITMLSZA
:95R::TRAG/STRA/SCT20
:19A::TEXA//ZAR0,
:19A::TCOR//ZAR12303898,56
:19A::COVA//ZAR12303898,56
:19A::MARG//ZAR0,
:92A::MARG//0,
:16R:TRANSDET
:20C::CLTR//3901367009690001
:20C::TCTR//726731
:98A::EXRQ//20220914
:98B::TERM/STRA/OPEN
:19A::COVA//ZAR12303898,56
:19A::TEXA//ZAR0,
:19A::MARG//ZAR0,
:19A::TCOR//ZAR12303898,56
:19A::TCFA//ZAR0,
:92A::MARG//0,
:25D::TREX/STRA/INTD
:16R:VALDET
:17B::COLL//Y
:17B::SECU//N
:98A::SETT//20221011
:19A::MKTP//ZAR0,08
:19A::MVPF//ZAR0,08
:19A::MVBF//ZAR0,08
:92B::EXCH//ZAR/ZAR/1,
:92A::VAFC//0,
:16S:VALDET
:16R:VALDET
:17B::COLL//Y
:17B::SECU//Y
:98A::SETT//20221011
:19A::MKTP//ZAR5454805,5
:19A::MVPF//ZAR5099855,55
:92B::EXCH//ZAR/ZAR/1,
:92A::VAFC//6,96
:16R:SECDET
:35B:ISIN ZAG000016320
ZAR 10,50 SOUTH AFRICA, REP.OF(S.18
PLEDGE
:36B::SECV//FAMT/50000,
:11A::DENO//ZAR
:90A::MRKT//PRCT/10909,611
:94B::RATS/STRA/STRA/CLEARSTREAM COMPOSITE RATING
:70C::RATS//BB- LT
:16S:SECDET
:16S:VALDET
:16R:VALDET
:17B::COLL//Y
:17B::SECU//Y
:98A::SETT//20221011
:19A::MKTP//ZAR7803419,31
:19A::MVPF//ZAR7204042,93
:92B::EXCH//ZAR/ZAR/1,
:92A::VAFC//8,32
:16R:SECDET
:35B:ISIN ZAG000106998
ZAR 8,000000 SOUTH AFRICA REP. 13-2
PLEDGE
:36B::SECV//FAMT/86454,
:11A::DENO//ZAR
:90A::MRKT//PRCT/9026,094
:94B::RATS/STRA/STRA/CLEARSTREAM COMPOSITE RATING
:70C::RATS//BB- LT
:16S:SECDET
:16S:VALDET
:16S:TRANSDET
:16S:SUMC
:16S:SUME
-}</ISOMessage>
  <MessageBlurb>{1:F01XJSEZAJ0XSFX0000000000}{2:O5690541221012ZYANZAJ0XXXX00000000002210120541N}{3:{108:02325814SS31 ......</MessageBlurb>
  <CreatedDate>2022-10-12T05:41:31</CreatedDate>
  <STTReceived>False</STTReceived>
  <AckReceived>False</AckReceived>
  <IsValid>True</IsValid>
  <ValidationDetails />
  <PreviousVersions>true</PreviousVersions>
  <LastModified>2022-10-12T05:41:31</LastModified>
  <VersionCreateDate>2022-10-12T05:41:31</VersionCreateDate>
  <VersionEndDate>2022-10-12T10:42:10.6984422+02:00</VersionEndDate>
  <ModifiedDate>0001-01-01T00:00:00</ModifiedDate>
</MessageHistory>