SYSTEM,SYSTEM GROUP,CONTROL-M TASK,DATE,START TIME,END TIME,DURATION_MIN,STATUS,FORCE USER,FAIL TIME,FORCE TIME,RESOLVE TIME_MIN,RUN COUNT,SYSOUT
"RDSBatch","EODBatch","LogicalDateCheck",28 Jun 2022 00:00:00,28 Jun 2022 04:00:07,28 Jun 2022 04:00:11,0.066666666666667,"","",,,,1,""
"RDSBatch","SODAlerts","AnnotationsDueInFiveDays",28 Jun 2022 00:00:00,28 Jun 2022 04:00:07,28 Jun 2022 04:00:18,0.183333333333333,"","",,,,1,""
"RDSBatch","SODAlerts","CautionariesDueInFiveDays",28 Jun 2022 00:00:00,28 Jun 2022 04:00:07,28 Jun 2022 04:00:18,0.183333333333333,"","",,,,1,""
"RDSBatch","EODBatch","SOD_RDS_Logical_date _check",28 Jun 2022 00:00:00,28 Jun 2022 04:05:00,28 Jun 2022 04:05:07,0.116666666666667,"","",,,,1,""
"MGEN","SODBatch","CalendarBatch",28 Jun 2022 00:00:00,28 Jun 2022 04:05:08,28 Jun 2022 04:05:25,0.283333333333333,"","",,,,1,""
"MGEN","SODBatch","BizTalkCalendarResponse",28 Jun 2022 00:00:00,28 Jun 2022 04:05:26,28 Jun 2022 04:05:29,0.05,"","",,,,1,""
"MGEN","SODBatch","CustomerBatch",28 Jun 2022 00:00:00,28 Jun 2022 04:06:00,28 Jun 2022 04:06:07,0.116666666666667,"","",,,,1,""
"MGEN","SODBatch","BizTalkCustomerResponse",28 Jun 2022 00:00:00,28 Jun 2022 04:06:08,28 Jun 2022 04:06:11,0.05,"","",,,,1,""
"MGEN","SODBatch","InstrumentBatch",28 Jun 2022 00:00:00,28 Jun 2022 04:06:08,28 Jun 2022 04:08:43,2.583333333333333,"","",,,,1,""
"MGEN","SODBatch","BizTalkInstrumentResponse",28 Jun 2022 00:00:00,28 Jun 2022 04:08:44,28 Jun 2022 04:09:23,0.65,"","",,,,1,""
"MGEN","SODBatch","CorporateActionBatch",28 Jun 2022 00:00:00,28 Jun 2022 04:08:44,28 Jun 2022 04:08:49,0.083333333333333,"","",,,,1,""
"MGEN","SODBatch","BizTalkCorporateActionResponse",28 Jun 2022 00:00:00,28 Jun 2022 04:08:50,28 Jun 2022 04:08:53,0.05,"","",,,,1,""
"MIT","JSE_EXCHANGE","0010_EXC_HEALTH_CHECK",28 Jun 2022 00:00:00,28 Jun 2022 04:15:00,28 Jun 2022 04:16:25,1.416666666666667,"Forced OK","SET TO OK REQUEST SUBMITTED BY USER SollyM",,28 Jun 2022 04:16:43,,1,""
"MIT","JSE_SURV","0010_SURV_JSE_CHK_HEALTH",28 Jun 2022 00:00:00,28 Jun 2022 04:15:00,28 Jun 2022 04:15:59,0.983333333333333,"","",,,,1,""
"RTC_1B","RTC_1B","0010_RTC_CHECKHEALTH_1B",28 Jun 2022 00:00:00,28 Jun 2022 04:15:00,28 Jun 2022 04:17:09,2.15,"","",,,,1,""
"MIT","JSE_SURV","0040_SURV_JSE_BACKEND_START",28 Jun 2022 00:00:00,28 Jun 2022 04:16:00,28 Jun 2022 04:20:20,4.333333333333333,"","",,,,1,""
"MIT","JSE_EXCHANGE","0020_EXC_BACKEND_START",28 Jun 2022 00:00:00,28 Jun 2022 04:16:43,28 Jun 2022 04:21:44,5.016666666666667,"","",,,,1,""
"MIT","JSE_EXCHANGE","Check_DefaultOrderBook_Early",28 Jun 2022 00:00:00,28 Jun 2022 04:21:45,28 Jun 2022 04:21:47,0.033333333333333,"","",,,,1,""
"MIT","JSE_EXCHANGE","0030_EXC_MORN_START_REF_DATA_DOWNLOAD",28 Jun 2022 00:00:00,28 Jun 2022 04:21:47,28 Jun 2022 04:21:49,0.033333333333333,"","",,,,1,""
"EI Trading Batch","SOD Batch","SOD_Generic_Data_Integrity_Checks",28 Jun 2022 00:00:00,28 Jun 2022 04:23:13,28 Jun 2022 04:25:48,2.583333333333333,"","",,,,1,""
"EI Trading Batch","SOD Batch","SOD_Trading_Download",28 Jun 2022 00:00:00,28 Jun 2022 04:23:13,28 Jun 2022 04:24:43,1.5,"","",,,,1,""
"EI Trading Batch","SOD Batch","SOD_Trading_Alignment",28 Jun 2022 00:00:00,28 Jun 2022 04:24:43,28 Jun 2022 04:26:59,2.266666666666667,"Forced OK","SET TO OK REQUEST SUBMITTED BY USER SollyM",,28 Jun 2022 04:28:06,,1,"#@#@#@#@#@#"C:\Program Files\JSE\Jse.Ei.Tis.Batch.MasterDataAlignment\Jse.Ei.Tis.Batch.MasterDataAlignment.exe" /bc /bj MasterDataAlignmentSOD MasterDataAlignmentSOD Started. Logical Date: 2022-06-28 Validating Corporate Action Indicator Entries Validating Corporate Action Indicators Validating Ex Markers Validating Firms Validating Firm Nodes Validating Firm Users Validating Index Gateways Validating Index Gateway Entries Validating Indices Validating Instrument Equities Validation Instrument Futures Validation Instrument Forward Forward Validation Instrument Inverse Calendar Spread Validation Instrument Options Validation Instrument Underlying Validating Instrument Put Delta Option Validating Instrument Call Delta Option Validation User Parameters Validation OrderBookNormal Validation OrderBookOffBook Validation OrderBookPrivateRFQ Validation OrderBookFXAuction Generating Exception Report MasterDataAlignmentSOD Failed. Job Object statistics ==================== Total User CPU Time: 56.016 second Total Kernel CPU Time: 0.500 second This Period Total User CPU Time: 56.016 second This Period Total Kernel CPU Time: 0.500 second Total Page Fault Count: 130097 Total Processes: 3 Active Processes: 0 Total Terminated Processes: 0 Total peak job memory used: 190.779 mega bytes"
"MIT","JSE_EXCHANGE","0040_EXC_BEGIN_LOADUP_SOD_AND_CHKPT",28 Jun 2022 00:00:00,28 Jun 2022 04:28:06,28 Jun 2022 04:28:08,0.033333333333333,"","",,,,1,""
"MIT","JSE_EXCHANGE","MORN_DOWNLOAD_CLEAN",28 Jun 2022 00:00:00,28 Jun 2022 04:28:06,28 Jun 2022 04:28:15,0.15,"","",,,,1,""
"RTC_1B","RTC_1B","0020_RTC_SYSTEM_START_1B",28 Jun 2022 00:00:00,28 Jun 2022 04:28:09,28 Jun 2022 04:51:50,23.683333333333334,"","",,,,1,""
"MIT","JSE_EXCHANGE","0050_EXC_CUSTOM_COLLECT_FILES",28 Jun 2022 00:00:00,28 Jun 2022 04:29:07,28 Jun 2022 04:30:57,1.833333333333333,"","",,,,1,""
"RDSBatch","IDS","Stop_IDS_Service",28 Jun 2022 00:00:00,28 Jun 2022 04:30:00,28 Jun 2022 04:30:07,0.116666666666667,"","",,,,1,""
"RDSBatch","IDS","Start_IDS_Service",28 Jun 2022 00:00:00,28 Jun 2022 04:30:07,28 Jun 2022 04:35:12,5.083333333333333,"","",,,,1,""
"MIT","JSE_EXCHANGE","0060_EXC_CUSTOM_CLEAN_FILES",28 Jun 2022 00:00:00,28 Jun 2022 04:30:58,28 Jun 2022 04:32:34,1.6,"","",,,,1,""
"MIT","JSE_EXCHANGE","0120_EXC_PROD_COLD_START",28 Jun 2022 00:00:00,28 Jun 2022 04:32:35,28 Jun 2022 04:32:36,0.016666666666667,"","",,,,1,""
"RTC_1B","RTC_1B","RTC_proc_ipt_mon_start",28 Jun 2022 00:00:00,28 Jun 2022 04:51:51,28 Jun 2022 04:51:52,0.016666666666667,"","",,,,1,""
"MIT","JSE_EXCHANGE","SYSTEM_STARTUP",28 Jun 2022 00:00:00,28 Jun 2022 04:58:29,28 Jun 2022 04:58:31,0.033333333333333,"","",,,,1,""
"CBSBatch","SODBatch","Billing_Validation_Batch_HealthChecks",28 Jun 2022 00:00:00,28 Jun 2022 05:00:00,28 Jun 2022 05:01:08,1.133333333333333,"","",,,,1,""
"VIS","SOD Batch","Start_JSE_VIS_Service",28 Jun 2022 00:00:00,28 Jun 2022 05:00:00,28 Jun 2022 05:00:08,0.133333333333333,"","",,,,1,""
"VIS","SOD Batch","Start_JSE_VIS_TRDS_Service",28 Jun 2022 00:00:00,28 Jun 2022 05:00:00,28 Jun 2022 05:00:05,0.083333333333333,"","",,,,1,""
"VIS","SOD Batch","Start_JSE_VIS_TRDS_Service",28 Jun 2022 00:00:00,28 Jun 2022 05:08:26,28 Jun 2022 05:08:31,0.083333333333333,"Forced OK","SET TO OK REQUEST SUBMITTED BY USER SollyM",,28 Jun 2022 05:08:50,,2,"#@#@#@#@#@#net Start "JSE VIS TRDS Service" The requested service has already been started. More help is available by typing NET HELPMSG 2182. Job Object statistics ==================== Total User CPU Time: 0.031 second Total Kernel CPU Time: 0.141 second This Period Total User CPU Time: 0.031 second This Period Total Kernel CPU Time: 0.141 second Total Page Fault Count: 15999 Total Processes: 4 Active Processes: 0 Total Terminated Processes: 0 Total peak job memory used: 6.627 mega bytes"
"CBSBatch","SODBatch","Billing_Validation_Batch_SOD",28 Jun 2022 00:00:00,28 Jun 2022 05:15:00,28 Jun 2022 05:17:39,2.65,"","",,,,1,""
"CBSBatch","SODBatch","OutputBatch_Forecasting_JSE_Clear",28 Jun 2022 00:00:00,28 Jun 2022 05:17:39,28 Jun 2022 05:17:50,0.183333333333333,"","",,,,1,""
"CBSBatch","SODBatch","OutputBatch_Forecasting_JSE",28 Jun 2022 00:00:00,28 Jun 2022 05:30:00,28 Jun 2022 05:31:39,1.65,"","",,,,1,""
"EI Clearing Batch","SOD Batch","CIS_Start_Early_Services",28 Jun 2022 00:00:00,28 Jun 2022 05:30:00,28 Jun 2022 05:30:22,0.366666666666667,"","",,,,1,""
"MDS","SODBatch","MDS_FutureDatedRecords",28 Jun 2022 00:00:00,28 Jun 2022 05:30:00,28 Jun 2022 05:31:18,1.3,"","",,,,1,""
"BondETP","BondETP","StartBondETPServices",28 Jun 2022 00:00:00,28 Jun 2022 06:00:00,28 Jun 2022 06:00:31,0.516666666666667,"","",,,,1,""
"EI Clearing Batch","SOD Batch","SOD_Clearing_Download",28 Jun 2022 00:00:00,28 Jun 2022 06:00:02,28 Jun 2022 06:00:23,0.35,"","",,,,1,""
"EI Clearing Batch","SOD Batch","SOD_Clearing_Alignment",28 Jun 2022 00:00:00,28 Jun 2022 06:00:24,28 Jun 2022 06:01:22,0.966666666666667,"Forced OK","SET TO OK REQUEST SUBMITTED BY USER Ebrahim",,28 Jun 2022 06:05:12,,1,"#@#@#@#@#@#"C:\Program Files\JSE\Jse.Ei.Batch.CommonDataAlignment\Jse.Ei.Batch.CommonDataAlignment.exe" /bc /bj SOD 2022-06-28 06:00:25:754::10272	::General::executing data alignment batch :: 2022-06-28 :: SOD 2022-06-28 06:00:27:914::10272	::General::Performing Data Alignment... CalendarDate 2022-06-28 06:00:28:143::10272	::General::Performing Data Alignment... Currency 2022-06-28 06:00:28:416::10272	::General::Performing Data Alignment... Country 2022-06-28 06:00:28:684::10272	::General::Performing Data Alignment... SeriesSpreadGroup 2022-06-28 06:00:29:060::10272	::General::Performing Data Alignment... ClassSpreadGroup 2022-06-28 06:00:29:595::10272	::General::Performing Data Alignment... ForwardRateAgreement 2022-06-28 06:00:30:160::10272	::General::Performing Data Alignment... Deposit 2022-06-28 06:00:30:760::10272	::General::Performing Data Alignment... InterestRateSwap 2022-06-28 06:00:31:414::10272	::General::Performing Data Alignment... Curve 2022-06-28 06:00:31:925::10272	::General::Performing Data Alignment... Surface 2022-06-28 06:00:45:311::10272	::General::Performing Data Alignment... Spot TradableInstrument 2022-06-28 06:00:45:343::10272	::General::Performing Data Alignment... Future TradableInstrument 2022-06-28 06:00:45:343::10272	::General::Performing Data Alignment... Option TradableInstrument 2022-06-28 06:00:45:343::10272	::General::Performing Data Alignment... CFD TradableInstrument 2022-06-28 06:00:48:341::10272	::General::Performing Data Alignment... Bond TradableInstrument 2022-06-28 06:00:51:114::10272	::General::Performing Data Alignment... CorporateAction 2022-06-28 06:00:55:525::10272	::General::Performing Data Alignment... Clearing Member 2022-06-28 06:00:55:525::10272	::General::Performing Data Alignment... Trading Member 2022-06-28 06:00:55:525::10272	::General::Performing Data Alignment... Trading Member Branch Member 2022-06-28 06:00:56:326::10272	::General::Performing Data Alignment... MemberClient 2022-06-28 06:01:10:951::10272	::General::Performing Data Alignment... ClearingMemberLink 2022-06-28 06:01:14:866::10272	::General::Performing Data Alignment... CashAccount 2022-06-28 06:01:19:227::10272	::General::Performing Data Alignment... TripartiteAgreement 2022-06-28 06:01:20:346::10272	::General::Performing Data Alignment... TradingUserMessage 2022-06-28 06:01:21:719::10272	::General::Performing Data Alignment... PositionAccount 2022-06-28 06:01:21:767::10272	::General::CRITICAL ALERT: Data alignment and validation failure. 2022-06-28 06:01:21:767::10272	::General::alignment batch complete :: 2022-06-28 :: status Failed Job Object statistics ==================== Total User CPU Time: 0.906 second Total Kernel CPU Time: 0.234 second This Period Total User CPU Time: 0.906 second This Period Total Kernel CPU Time: 0.234 second Total Page Fault Count: 33431 Total Processes: 3 Active Processes: 0 Total Terminated Processes: 0 Total peak job memory used: 34.169 mega bytes"
"RTC_1B","RTC_1B","runRTCMorningChecks",28 Jun 2022 00:00:00,28 Jun 2022 06:02:00,28 Jun 2022 06:02:07,0.116666666666667,"","",,,,1,""
"EI Clearing Batch","SOD Batch","CIS_Start_Services",28 Jun 2022 00:00:00,28 Jun 2022 06:05:12,28 Jun 2022 06:06:19,1.116666666666667,"","",,,,1,""
"EI Clearing Batch","SOD Batch","CIS_Start_Services",28 Jun 2022 00:00:00,28 Jun 2022 06:06:59,28 Jun 2022 06:07:11,0.2,"","",,,,2,""
"EI Clearing Batch","SOD Batch","CIS_Start_Services",28 Jun 2022 00:00:00,28 Jun 2022 06:07:57,28 Jun 2022 06:08:39,0.7,"","",,,,3,""
"EI Clearing Batch","SOD Batch","CIS_Start_Services",28 Jun 2022 00:00:00,28 Jun 2022 06:09:32,28 Jun 2022 06:09:37,0.083333333333333,"","",,,,4,""
"EI Trading Batch","Intraday Batch","Start_OpenInterest_Service",28 Jun 2022 00:00:00,28 Jun 2022 06:10:00,28 Jun 2022 06:10:20,0.333333333333333,"","",,,,1,""
"EI Trading Batch","Intraday Batch","Open_Interest_Upload",28 Jun 2022 00:00:00,28 Jun 2022 06:11:32,28 Jun 2022 06:11:58,0.433333333333333,"","",,,,1,""
"EI Trading Batch","Intraday Batch","Stop_OpenInterest_Service",28 Jun 2022 00:00:00,28 Jun 2022 06:11:32,28 Jun 2022 06:11:45,0.216666666666667,"","",,,,1,""
"EI Clearing Batch","SOD Batch","CIS_Start_Services",28 Jun 2022 00:00:00,28 Jun 2022 06:11:41,28 Jun 2022 06:11:47,0.1,"","",,,,5,""
"EI Clearing Batch","SOD Batch","CIS_Accpac_Snapshot",28 Jun 2022 00:00:00,28 Jun 2022 06:11:47,28 Jun 2022 06:11:54,0.116666666666667,"","",,,,1,""
"EI Clearing Batch","SOD Batch","CIS_SOD_Positions",28 Jun 2022 00:00:00,28 Jun 2022 06:11:47,28 Jun 2022 06:11:57,0.166666666666667,"","",,,,1,""
"VIS","SOD Batch","VIS_SOD_PriceRun",28 Jun 2022 00:00:00,28 Jun 2022 06:11:47,28 Jun 2022 06:17:34,5.783333333333333,"","",,,,1,""
"EI Clearing Batch","SOD Batch","CIS_Accpac_CashBook",28 Jun 2022 00:00:00,28 Jun 2022 06:11:55,28 Jun 2022 06:11:58,0.05,"","",,,,1,""
"MIT","JSE_EXCHANGE","Open_Interest_Consume",28 Jun 2022 00:00:00,28 Jun 2022 06:11:58,28 Jun 2022 06:13:18,1.333333333333333,"","",,,,1,""
"EI Clearing Batch","SOD Batch","CIS_Accpac_GeneralLedger",28 Jun 2022 00:00:00,28 Jun 2022 06:11:59,28 Jun 2022 06:12:01,0.033333333333333,"","",,,,1,""
"MIT","JSE_EXCHANGE","FTSE_GATEWAY_START",28 Jun 2022 00:00:00,28 Jun 2022 06:30:00,28 Jun 2022 06:30:02,0.033333333333333,"","",,,,1,""
"MIT","JSE_EXCHANGE","FTSE_GATEWAY_START_CMP",28 Jun 2022 00:00:00,28 Jun 2022 06:31:00,28 Jun 2022 06:31:02,0.033333333333333,"","",,,,1,""
"EI Trading Batch","SOD Batch","TIS_Start_Services",28 Jun 2022 00:00:00,28 Jun 2022 06:31:03,28 Jun 2022 06:43:35,12.533333333333333,"","",,,,1,""
"MIT","JSE_SURV","0050_SURV_JSE_SYSTEM_START",28 Jun 2022 00:00:00,28 Jun 2022 06:31:03,28 Jun 2022 06:31:05,0.033333333333333,"","",,,,1,""
"EI Trading Batch","Intraday Batch","Start_OpenInterest_Service",28 Jun 2022 00:00:00,28 Jun 2022 06:40:00,28 Jun 2022 06:51:48,11.8,"","",,,,2,""
"EI Trading Batch","SOD Batch","TIS_Start_Services",28 Jun 2022 00:00:00,28 Jun 2022 06:45:05,28 Jun 2022 06:46:18,1.216666666666667,"","",,,,2,""
"EI Trading Batch","SOD Batch","TIS_Start_Services",28 Jun 2022 00:00:00,28 Jun 2022 06:48:12,28 Jun 2022 06:48:19,0.116666666666667,"","",,,,3,""
"EI Trading Batch","SOD Batch","TIS_Start_Services",28 Jun 2022 00:00:00,28 Jun 2022 06:49:04,28 Jun 2022 06:49:08,0.066666666666667,"","",,,,4,""
"EI Trading Batch","SOD Batch","TIS_Start_Services",28 Jun 2022 00:00:00,28 Jun 2022 06:50:49,28 Jun 2022 06:51:23,0.566666666666667,"","",,,,5,""
"CRDS","CRDS","CRDS_Time_SyncBondData",28 Jun 2022 00:00:00,28 Jun 2022 07:00:00,28 Jun 2022 07:01:23,1.383333333333333,"","",,,,1,""
"CRDS","CRDS","CRDS_GMD_File",28 Jun 2022 00:00:00,28 Jun 2022 07:01:21,28 Jun 2022 07:01:29,0.133333333333333,"","",,,,1,""
"CRDS","CRDS","CRDS_Update_LDB",28 Jun 2022 00:00:00,28 Jun 2022 07:01:21,28 Jun 2022 07:01:41,0.333333333333333,"","",,,,1,""
"CRDS","CRDS","CRDS_Update_XIS",28 Jun 2022 00:00:00,28 Jun 2022 07:01:22,28 Jun 2022 07:02:12,0.833333333333333,"","",,,,1,""
"EI Trading Batch","Intraday Batch","Start_OpenInterest_Service",28 Jun 2022 00:00:00,28 Jun 2022 07:10:00,28 Jun 2022 07:10:18,0.3,"","",,,,3,""
"EI Trading Batch","Intraday Batch","Open_Interest_Upload",28 Jun 2022 00:00:00,28 Jun 2022 07:11:31,28 Jun 2022 07:11:46,0.25,"","",,,,2,""
"EI Trading Batch","Intraday Batch","Stop_OpenInterest_Service",28 Jun 2022 00:00:00,28 Jun 2022 07:11:31,28 Jun 2022 07:11:36,0.083333333333333,"","",,,,2,""
"MIT","JSE_EXCHANGE","Open_Interest_Consume",28 Jun 2022 00:00:00,28 Jun 2022 07:11:47,28 Jun 2022 07:13:08,1.35,"","",,,,2,""
"MIT","JSE_SURV","SURV_SYSTEM_STARTUP",28 Jun 2022 00:00:00,28 Jun 2022 07:30:09,28 Jun 2022 07:30:24,0.25,"","",,,,1,""
"EI Trading Batch","Intraday Batch","Start_OpenInterest_Service",28 Jun 2022 00:00:00,28 Jun 2022 07:40:00,28 Jun 2022 07:40:24,0.4,"","",,,,4,""
"EI Trading Batch","Intraday Batch","Open_Interest_Upload",28 Jun 2022 00:00:00,28 Jun 2022 07:41:37,28 Jun 2022 07:41:49,0.2,"","",,,,3,""
"EI Trading Batch","Intraday Batch","Stop_OpenInterest_Service",28 Jun 2022 00:00:00,28 Jun 2022 07:41:37,28 Jun 2022 07:41:42,0.083333333333333,"","",,,,3,""
"MIT","JSE_EXCHANGE","Open_Interest_Consume",28 Jun 2022 00:00:00,28 Jun 2022 07:41:49,28 Jun 2022 07:43:11,1.366666666666667,"","",,,,3,""
"API_ECO","API_ECO","DownloadConsumerPriceIndex",28 Jun 2022 00:00:00,28 Jun 2022 08:00:00,28 Jun 2022 08:03:28,3.466666666666667,"","",,,,1,""
"EI Trading Batch","Intraday Batch","Intraday_Instrument_Upload",28 Jun 2022 00:00:00,28 Jun 2022 08:00:00,28 Jun 2022 08:01:11,1.183333333333333,"","",,,,1,""
"RTDSBatch","Stats_EAP","STA_Batch_EAP_BASE_Early",28 Jun 2022 00:00:00,28 Jun 2022 08:00:00,28 Jun 2022 08:01:12,1.2,"","",,,,1,""
"MIT","JSE_EXCHANGE","Intraday_Instruments_Consume",28 Jun 2022 00:00:00,28 Jun 2022 08:01:11,28 Jun 2022 08:01:15,0.066666666666667,"","",,,,1,""
"EI Trading Batch","Intraday Batch","Start_OpenInterest_Service",28 Jun 2022 00:00:00,28 Jun 2022 08:10:00,28 Jun 2022 08:10:19,0.316666666666667,"","",,,,5,""
"EI Trading Batch","Intraday Batch","Open_Interest_Upload",28 Jun 2022 00:00:00,28 Jun 2022 08:11:29,28 Jun 2022 08:11:40,0.183333333333333,"","",,,,4,""
"EI Trading Batch","Intraday Batch","Stop_OpenInterest_Service",28 Jun 2022 00:00:00,28 Jun 2022 08:11:29,28 Jun 2022 08:11:34,0.083333333333333,"","",,,,4,""
"MIT","JSE_EXCHANGE","Open_Interest_Consume",28 Jun 2022 00:00:00,28 Jun 2022 08:11:40,28 Jun 2022 08:12:59,1.316666666666667,"","",,,,4,""
"EI Trading Batch","Intraday Batch","Intraday_Instrument_Upload",28 Jun 2022 00:00:00,28 Jun 2022 08:30:00,28 Jun 2022 08:31:00,1.0,"","",,,,2,""
"MIT","JSE_EXCHANGE","Intraday_Instruments_Consume",28 Jun 2022 00:00:00,28 Jun 2022 08:31:01,28 Jun 2022 08:31:05,0.066666666666667,"","",,,,2,""
"EI Trading Batch","Intraday Batch","Start_OpenInterest_Service",28 Jun 2022 00:00:00,28 Jun 2022 08:40:00,28 Jun 2022 08:40:19,0.316666666666667,"","",,,,6,""
"EI Trading Batch","Intraday Batch","Open_Interest_Upload",28 Jun 2022 00:00:00,28 Jun 2022 08:41:28,28 Jun 2022 08:41:39,0.183333333333333,"","",,,,5,""
"EI Trading Batch","Intraday Batch","Stop_OpenInterest_Service",28 Jun 2022 00:00:00,28 Jun 2022 08:41:28,28 Jun 2022 08:41:33,0.083333333333333,"","",,,,5,""
"MIT","JSE_EXCHANGE","Open_Interest_Consume",28 Jun 2022 00:00:00,28 Jun 2022 08:41:39,28 Jun 2022 08:42:58,1.316666666666667,"","",,,,5,""
"EI Trading Batch","Intraday Batch","Intraday_Instrument_Upload",28 Jun 2022 00:00:00,28 Jun 2022 09:00:00,28 Jun 2022 09:00:59,0.983333333333333,"","",,,,3,""
"MIT","JSE_EXCHANGE","Intraday_Instruments_Consume",28 Jun 2022 00:00:00,28 Jun 2022 09:01:00,28 Jun 2022 09:01:04,0.066666666666667,"","",,,,3,""
"EI Trading Batch","Intraday Batch","Start_OpenInterest_Service",28 Jun 2022 00:00:00,28 Jun 2022 09:10:00,28 Jun 2022 09:10:22,0.366666666666667,"","",,,,7,""
"EI Trading Batch","Intraday Batch","Open_Interest_Upload",28 Jun 2022 00:00:00,28 Jun 2022 09:11:36,28 Jun 2022 09:11:47,0.183333333333333,"","",,,,6,""
"EI Trading Batch","Intraday Batch","Stop_OpenInterest_Service",28 Jun 2022 00:00:00,28 Jun 2022 09:11:36,28 Jun 2022 09:11:40,0.066666666666667,"","",,,,6,""
"MIT","JSE_EXCHANGE","Open_Interest_Consume",28 Jun 2022 00:00:00,28 Jun 2022 09:11:48,28 Jun 2022 09:13:08,1.333333333333333,"","",,,,6,""
"EI Trading Batch","Intraday Batch","Intraday_Instrument_Upload",28 Jun 2022 00:00:00,28 Jun 2022 09:30:00,28 Jun 2022 09:30:56,0.933333333333333,"","",,,,4,""
"MIT","JSE_EXCHANGE","Intraday_Instruments_Consume",28 Jun 2022 00:00:00,28 Jun 2022 09:31:00,28 Jun 2022 09:31:18,0.3,"","",,,,4,""
"EI Trading Batch","Intraday Batch","Start_OpenInterest_Service",28 Jun 2022 00:00:00,28 Jun 2022 09:40:00,28 Jun 2022 09:40:21,0.35,"","",,,,8,""
"EI Trading Batch","Intraday Batch","Open_Interest_Upload",28 Jun 2022 00:00:00,28 Jun 2022 09:41:33,28 Jun 2022 09:41:44,0.183333333333333,"","",,,,7,""
"EI Trading Batch","Intraday Batch","Stop_OpenInterest_Service",28 Jun 2022 00:00:00,28 Jun 2022 09:41:33,28 Jun 2022 09:41:38,0.083333333333333,"","",,,,7,""
"MIT","JSE_EXCHANGE","Open_Interest_Consume",28 Jun 2022 00:00:00,28 Jun 2022 09:41:44,28 Jun 2022 09:43:05,1.35,"","",,,,7,""
"EI Clearing Batch","Intraday Batch","CIS_OpenPositions_SOD",28 Jun 2022 00:00:00,28 Jun 2022 10:00:00,28 Jun 2022 10:00:11,0.183333333333333,"","",,,,1,""
"EI Trading Batch","Intraday Batch","Intraday_Instrument_Upload",28 Jun 2022 00:00:00,28 Jun 2022 10:00:00,28 Jun 2022 10:01:00,1.0,"","",,,,5,""
"MIT","JSE_EXCHANGE","Intraday_Instruments_Consume",28 Jun 2022 00:00:00,28 Jun 2022 10:01:01,28 Jun 2022 10:01:04,0.05,"","",,,,5,""
"MDS","SODBatch","MDS_OpenPositions_SOD",28 Jun 2022 00:00:00,28 Jun 2022 10:03:00,28 Jun 2022 10:03:26,0.433333333333333,"","",,,,1,""
"EI Trading Batch","Intraday Batch","Start_OpenInterest_Service",28 Jun 2022 00:00:00,28 Jun 2022 10:10:00,28 Jun 2022 10:10:23,0.383333333333333,"","",,,,9,""
"EI Trading Batch","Intraday Batch","Open_Interest_Upload",28 Jun 2022 00:00:00,28 Jun 2022 10:11:32,28 Jun 2022 10:11:43,0.183333333333333,"","",,,,8,""
"EI Trading Batch","Intraday Batch","Stop_OpenInterest_Service",28 Jun 2022 00:00:00,28 Jun 2022 10:11:32,28 Jun 2022 10:11:35,0.05,"","",,,,8,""
"MIT","JSE_EXCHANGE","Open_Interest_Consume",28 Jun 2022 00:00:00,28 Jun 2022 10:11:43,28 Jun 2022 10:13:02,1.316666666666667,"","",,,,8,""
"EI Trading Batch","Intraday Batch","Intraday_Instrument_Upload",28 Jun 2022 00:00:00,28 Jun 2022 10:30:00,28 Jun 2022 10:30:57,0.95,"","",,,,6,""
"MIT","JSE_EXCHANGE","Intraday_Instruments_Consume",28 Jun 2022 00:00:00,28 Jun 2022 10:31:00,28 Jun 2022 10:31:13,0.216666666666667,"","",,,,6,""
"EI Trading Batch","Intraday Batch","Start_OpenInterest_Service",28 Jun 2022 00:00:00,28 Jun 2022 10:40:00,28 Jun 2022 10:40:21,0.35,"","",,,,10,""
"EI Trading Batch","Intraday Batch","Open_Interest_Upload",28 Jun 2022 00:00:00,28 Jun 2022 10:41:25,28 Jun 2022 10:41:36,0.183333333333333,"","",,,,9,""
"EI Trading Batch","Intraday Batch","Stop_OpenInterest_Service",28 Jun 2022 00:00:00,28 Jun 2022 10:41:25,28 Jun 2022 10:41:30,0.083333333333333,"","",,,,9,""
"MIT","JSE_EXCHANGE","Open_Interest_Consume",28 Jun 2022 00:00:00,28 Jun 2022 10:41:36,28 Jun 2022 10:42:56,1.333333333333333,"","",,,,9,""
"EI Trading Batch","Intraday Batch","Intraday_Instrument_Upload",28 Jun 2022 00:00:00,28 Jun 2022 11:00:00,28 Jun 2022 11:00:58,0.966666666666667,"","",,,,7,""
"MIT","JSE_EXCHANGE","Intraday_Instruments_Consume",28 Jun 2022 00:00:00,28 Jun 2022 11:01:00,28 Jun 2022 11:01:03,0.05,"","",,,,7,""
"EI Trading Batch","Intraday Batch","Start_OpenInterest_Service",28 Jun 2022 00:00:00,28 Jun 2022 11:10:00,28 Jun 2022 11:10:23,0.383333333333333,"","",,,,11,""
"EI Trading Batch","Intraday Batch","Open_Interest_Upload",28 Jun 2022 00:00:00,28 Jun 2022 11:11:33,28 Jun 2022 11:11:42,0.15,"","",,,,10,""
"EI Trading Batch","Intraday Batch","Stop_OpenInterest_Service",28 Jun 2022 00:00:00,28 Jun 2022 11:11:33,28 Jun 2022 11:11:38,0.083333333333333,"","",,,,10,""
"MIT","JSE_EXCHANGE","Open_Interest_Consume",28 Jun 2022 00:00:00,28 Jun 2022 11:11:43,28 Jun 2022 11:13:03,1.333333333333333,"","",,,,10,""
"CRDS","CRDS","CRDS_Update_JIBAR",28 Jun 2022 00:00:00,28 Jun 2022 11:30:00,28 Jun 2022 11:30:05,0.083333333333333,"","",,,,1,""
"EI Trading Batch","Intraday Batch","Intraday_Instrument_Upload",28 Jun 2022 00:00:00,28 Jun 2022 11:30:00,28 Jun 2022 11:30:59,0.983333333333333,"","",,,,8,""
"EI Clearing Batch","Intraday Batch","CIS_Recon_SettlementEvents_TM",28 Jun 2022 00:00:00,28 Jun 2022 11:30:05,28 Jun 2022 11:30:19,0.233333333333333,"","",,,,1,""
"EI Clearing Batch","Intraday Batch","CIS_BDA_Margins_File_Intraday",28 Jun 2022 00:00:00,28 Jun 2022 11:30:20,28 Jun 2022 11:30:29,0.15,"","",,,,1,""
"MIT","JSE_EXCHANGE","Intraday_Instruments_Consume",28 Jun 2022 00:00:00,28 Jun 2022 11:31:00,28 Jun 2022 11:31:27,0.45,"","",,,,8,""
"EI Trading Batch","Intraday Batch","Start_OpenInterest_Service",28 Jun 2022 00:00:00,28 Jun 2022 11:40:00,28 Jun 2022 11:40:37,0.616666666666667,"","",,,,12,""
"EI Trading Batch","Intraday Batch","Open_Interest_Upload",28 Jun 2022 00:00:00,28 Jun 2022 11:41:47,28 Jun 2022 11:41:58,0.183333333333333,"","",,,,11,""
"EI Trading Batch","Intraday Batch","Stop_OpenInterest_Service",28 Jun 2022 00:00:00,28 Jun 2022 11:41:47,28 Jun 2022 11:41:50,0.05,"","",,,,11,""
"MIT","JSE_EXCHANGE","Open_Interest_Consume",28 Jun 2022 00:00:00,28 Jun 2022 11:41:59,28 Jun 2022 11:43:18,1.316666666666667,"","",,,,11,""
"EI Clearing Batch","Intraday Batch","CIS_OpenPositions_SOD",28 Jun 2022 00:00:00,28 Jun 2022 12:00:00,28 Jun 2022 12:00:09,0.15,"","",,,,2,""
"EI Clearing Batch","PreEOD Batch","PreEOD_Clearing_Upload_Alert",28 Jun 2022 00:00:00,28 Jun 2022 12:00:00,28 Jun 2022 12:00:08,0.133333333333333,"","",,,,1,""
"EI Trading Batch","Intraday Batch","Intraday_Instrument_Upload",28 Jun 2022 00:00:00,28 Jun 2022 12:00:00,28 Jun 2022 12:01:00,1.0,"","",,,,9,""
"RTDSBatch","Stats_EAP","STA_Batch_EAP_BASE",28 Jun 2022 00:00:00,28 Jun 2022 12:00:00,28 Jun 2022 12:00:11,0.183333333333333,"","",,,,1,""
"MIT","JSE_EXCHANGE","Intraday_Instruments_Consume",28 Jun 2022 00:00:00,28 Jun 2022 12:01:01,28 Jun 2022 12:01:05,0.066666666666667,"","",,,,9,""
"MDS","SODBatch","MDS_OpenPositions_SOD",28 Jun 2022 00:00:00,28 Jun 2022 12:03:00,28 Jun 2022 12:03:58,0.966666666666667,"","",,,,2,""
"EI Trading Batch","Intraday Batch","Start_OpenInterest_Service",28 Jun 2022 00:00:00,28 Jun 2022 12:10:00,28 Jun 2022 12:10:20,0.333333333333333,"","",,,,13,""
"EI Trading Batch","Intraday Batch","Open_Interest_Upload",28 Jun 2022 00:00:00,28 Jun 2022 12:11:29,28 Jun 2022 12:11:40,0.183333333333333,"","",,,,12,""
"EI Trading Batch","Intraday Batch","Stop_OpenInterest_Service",28 Jun 2022 00:00:00,28 Jun 2022 12:11:29,28 Jun 2022 12:11:33,0.066666666666667,"","",,,,12,""
"MIT","JSE_EXCHANGE","Open_Interest_Consume",28 Jun 2022 00:00:00,28 Jun 2022 12:11:41,28 Jun 2022 12:13:00,1.316666666666667,"","",,,,12,""
"RTDSBatch","Stats_EAP","STA_Batch_D_EODDEAP",28 Jun 2022 00:00:00,28 Jun 2022 12:15:00,28 Jun 2022 12:16:17,1.283333333333333,"","",,,,1,""
"RTDSBatch","Stats_EAP","EAP",28 Jun 2022 00:00:00,28 Jun 2022 12:16:18,28 Jun 2022 12:16:30,0.2,"","",,,,1,""
"CBSBatch","EODBatch","Billing_Validation_Batch_INTRA",28 Jun 2022 00:00:00,28 Jun 2022 12:30:00,28 Jun 2022 12:32:22,2.366666666666667,"","",,,,1,""
"EI Trading Batch","Intraday Batch","Start_OpenInterest_Service",28 Jun 2022 00:00:00,28 Jun 2022 12:40:00,28 Jun 2022 12:40:29,0.483333333333333,"","",,,,14,""
"EI Trading Batch","Intraday Batch","Open_Interest_Upload",28 Jun 2022 00:00:00,28 Jun 2022 12:41:34,28 Jun 2022 12:41:44,0.166666666666667,"","",,,,13,""
"EI Trading Batch","Intraday Batch","Stop_OpenInterest_Service",28 Jun 2022 00:00:00,28 Jun 2022 12:41:34,28 Jun 2022 12:41:37,0.05,"","",,,,13,""
"MIT","JSE_EXCHANGE","Open_Interest_Consume",28 Jun 2022 00:00:00,28 Jun 2022 12:41:45,28 Jun 2022 12:43:04,1.316666666666667,"","",,,,13,""
"EI Trading Batch","EOD Batch","TIS_MarketMaker_FXM_Billing_Aggregation",28 Jun 2022 00:00:00,28 Jun 2022 13:10:00,28 Jun 2022 13:10:14,0.233333333333333,"","",,,,1,""
"EI Trading Batch","Intraday Batch","Start_OpenInterest_Service",28 Jun 2022 00:00:00,28 Jun 2022 13:10:00,28 Jun 2022 13:10:27,0.45,"","",,,,15,""
"EI Trading Batch","EOD Batch","TIS_MarketMaker_FXM_Aggregation",28 Jun 2022 00:00:00,28 Jun 2022 13:10:15,28 Jun 2022 13:10:24,0.15,"","",,,,1,""
"EI Trading Batch","Intraday Batch","Open_Interest_Upload",28 Jun 2022 00:00:00,28 Jun 2022 13:11:41,28 Jun 2022 13:11:51,0.166666666666667,"","",,,,14,""
"EI Trading Batch","Intraday Batch","Stop_OpenInterest_Service",28 Jun 2022 00:00:00,28 Jun 2022 13:11:41,28 Jun 2022 13:11:46,0.083333333333333,"","",,,,14,""
"MIT","JSE_EXCHANGE","Open_Interest_Consume",28 Jun 2022 00:00:00,28 Jun 2022 13:11:52,28 Jun 2022 13:13:11,1.316666666666667,"","",,,,14,""
"CBSBatch","EODBatch","Notification_Batch_Notification",28 Jun 2022 00:00:00,28 Jun 2022 13:15:00,28 Jun 2022 13:15:22,0.366666666666667,"","",,,,1,""
"EI Clearing Batch","PreEOD Batch","PreEOD_Clearing_Download",28 Jun 2022 00:00:00,28 Jun 2022 13:15:00,28 Jun 2022 13:15:15,0.25,"","",,,,1,""
"EI Clearing Batch","PreEOD Batch","PreEOD_Clearing_Data_Integrity_Checks",28 Jun 2022 00:00:00,28 Jun 2022 13:15:15,28 Jun 2022 13:17:02,1.783333333333333,"","",,,,1,""
"EI Clearing Batch","PreEOD Batch","PreEOD_Clearing_Upload",28 Jun 2022 00:00:00,28 Jun 2022 13:17:02,28 Jun 2022 13:17:54,0.866666666666667,"","",,,,1,""
"EI Trading Batch","EOD Batch","TIS_InstrumentClosingPrice_EM",28 Jun 2022 00:00:00,28 Jun 2022 13:20:00,28 Jun 2022 13:20:12,0.2,"","",,,,1,""
"EI Trading Batch","EOD Batch","TIS_BestBidBestOffer_EM",28 Jun 2022 00:00:00,28 Jun 2022 13:20:13,28 Jun 2022 13:20:32,0.316666666666667,"","",,,,1,""
"RTDSBatch","RTDSBatch","MRS_Value_Daily_Update",28 Jun 2022 00:00:00,28 Jun 2022 13:20:13,28 Jun 2022 13:21:18,1.083333333333333,"","",,,,1,""
"RTDSBatch","SMS","STA_Batch_D_EODTT",28 Jun 2022 00:00:00,28 Jun 2022 13:20:13,28 Jun 2022 13:20:52,0.65,"","",,,,1,""
"RTDSBatch","STATS_Triggers","STA_Batch_D_ECPRINS",28 Jun 2022 00:00:00,28 Jun 2022 13:20:52,28 Jun 2022 13:21:21,0.483333333333333,"","",,,,1,""
"RTDSBatch","STATS_Triggers","STA_Batch_D_ECPRMRK",28 Jun 2022 00:00:00,28 Jun 2022 13:21:22,28 Jun 2022 13:22:04,0.7,"","",,,,1,""
"RTDSBatch","STATS_Triggers","STA_Batch_D_ECPRSEC",28 Jun 2022 00:00:00,28 Jun 2022 13:21:22,28 Jun 2022 13:23:07,1.75,"","",,,,1,""
"RTDSBatch","STATS_Triggers","EQTCLP",28 Jun 2022 00:00:00,28 Jun 2022 13:23:07,28 Jun 2022 13:23:11,0.066666666666667,"","",,,,1,""
"RTDSBatch","STATS_Triggers","STA_Batch_D_EODDINS",28 Jun 2022 00:00:00,28 Jun 2022 13:23:07,28 Jun 2022 13:24:16,1.15,"","",,,,1,""
"RDSBatch","EODBatch","CorporateActionPreBatch",28 Jun 2022 00:00:00,28 Jun 2022 13:23:12,28 Jun 2022 13:23:16,0.066666666666667,"","",,,,1,""
"RDSBatch","EODBatch","CorporateActionMain",28 Jun 2022 00:00:00,28 Jun 2022 13:23:17,28 Jun 2022 13:23:32,0.25,"","",,,,1,""
"RDSBatch","EODBatch","CA_Smoothing_Factor",28 Jun 2022 00:00:00,28 Jun 2022 13:23:32,28 Jun 2022 13:23:36,0.066666666666667,"","",,,,1,""
"RDSBatch","EODBatch","K0HExtract",28 Jun 2022 00:00:00,28 Jun 2022 13:23:36,28 Jun 2022 13:26:07,2.516666666666667,"","",,,,1,""
"RTDSBatch","STATS_Triggers","CA_EOD",28 Jun 2022 00:00:00,28 Jun 2022 13:23:36,28 Jun 2022 13:23:40,0.066666666666667,"","",,,,1,""
"RTDSBatch","STATS_Triggers","STA_Batch_D_EODDMRK",28 Jun 2022 00:00:00,28 Jun 2022 13:24:17,28 Jun 2022 13:24:31,0.233333333333333,"","",,,,1,""
"RTDSBatch","STATS_Triggers","STA_Batch_D_EODDSEC",28 Jun 2022 00:00:00,28 Jun 2022 13:24:17,28 Jun 2022 13:26:58,2.683333333333333,"","",,,,1,""
"RDSBatch","EODBatch","K2HExtract",28 Jun 2022 00:00:00,28 Jun 2022 13:26:08,28 Jun 2022 13:26:11,0.05,"","",,,,1,""
"RDSBatch","EODBatch","M0HExtract",28 Jun 2022 00:00:00,28 Jun 2022 13:26:12,28 Jun 2022 13:27:10,0.966666666666667,"","",,,,1,""
"RTDSBatch","STATS_Triggers","E_EOD",28 Jun 2022 00:00:00,28 Jun 2022 13:26:59,28 Jun 2022 13:27:01,0.033333333333333,"","",,,,1,""
"RTDSBatch","STATS_Triggers","UpdateStats2",28 Jun 2022 00:00:00,28 Jun 2022 13:27:02,28 Jun 2022 13:27:04,0.033333333333333,"","",,,,1,""
"RDSBatch","EODBatch","K0HFtp",28 Jun 2022 00:00:00,28 Jun 2022 13:27:11,28 Jun 2022 15:08:45,101.56666666666666,"Forced OK","SET TO OK REQUEST SUBMITTED BY USER Nomvelo",,28 Jun 2022 15:08:58,,1,""
"EI Trading Batch","Intraday Batch","Start_OpenInterest_Service",28 Jun 2022 00:00:00,28 Jun 2022 13:40:00,28 Jun 2022 13:40:24,0.4,"","",,,,16,""
"EI Trading Batch","Intraday Batch","Open_Interest_Upload",28 Jun 2022 00:00:00,28 Jun 2022 13:41:31,28 Jun 2022 13:41:40,0.15,"","",,,,15,""
"EI Trading Batch","Intraday Batch","Stop_OpenInterest_Service",28 Jun 2022 00:00:00,28 Jun 2022 13:41:31,28 Jun 2022 13:41:35,0.066666666666667,"","",,,,15,""
"MIT","JSE_EXCHANGE","Open_Interest_Consume",28 Jun 2022 00:00:00,28 Jun 2022 13:41:41,28 Jun 2022 13:42:59,1.3,"","",,,,15,""
"EI Trading Batch","Intraday Batch","Start_OpenInterest_Service",28 Jun 2022 00:00:00,28 Jun 2022 14:10:00,28 Jun 2022 14:10:27,0.45,"","",,,,17,""
"EI Trading Batch","Intraday Batch","Open_Interest_Upload",28 Jun 2022 00:00:00,28 Jun 2022 14:11:41,28 Jun 2022 14:11:51,0.166666666666667,"","",,,,16,""
"EI Trading Batch","Intraday Batch","Stop_OpenInterest_Service",28 Jun 2022 00:00:00,28 Jun 2022 14:11:41,28 Jun 2022 14:11:45,0.066666666666667,"","",,,,16,""
"MIT","JSE_EXCHANGE","Open_Interest_Consume",28 Jun 2022 00:00:00,28 Jun 2022 14:11:52,28 Jun 2022 14:13:28,1.6,"","",,,,16,""
"CBSBatch","EODBatch","Billing_Validation_Batch_EOD",28 Jun 2022 00:00:00,28 Jun 2022 14:15:00,28 Jun 2022 14:16:56,1.933333333333333,"","",,,,1,""
"CRDS","CRDS","CRDS_Time_SyncBondData",28 Jun 2022 00:00:00,28 Jun 2022 14:25:49,28 Jun 2022 14:26:55,1.1,"","",,,,2,""
"CRDS","CRDS","CRDS_GMD_File",28 Jun 2022 00:00:00,28 Jun 2022 14:26:53,28 Jun 2022 14:27:01,0.133333333333333,"","",,,,2,""
"CRDS","CRDS","CRDS_Update_LDB",28 Jun 2022 00:00:00,28 Jun 2022 14:26:53,28 Jun 2022 14:27:16,0.383333333333333,"","",,,,2,""
"CRDS","CRDS","CRDS_Update_XIS",28 Jun 2022 00:00:00,28 Jun 2022 14:26:54,28 Jun 2022 14:27:49,0.916666666666667,"","",,,,2,""
"CRDS","CRDS","CRDS_Time_SyncBondData",28 Jun 2022 00:00:00,28 Jun 2022 14:30:00,28 Jun 2022 14:32:13,2.216666666666667,"","",,,,3,""
"CRDS","CRDS","CRDS_Update_LDB",28 Jun 2022 00:00:00,28 Jun 2022 14:31:10,28 Jun 2022 14:31:30,0.333333333333333,"","",,,,3,""
"CRDS","CRDS","CRDS_Update_XIS",28 Jun 2022 00:00:00,28 Jun 2022 14:31:10,28 Jun 2022 14:31:40,0.5,"","",,,,3,""
"CRDS","CRDS","CRDS_GMD_File",28 Jun 2022 00:00:00,28 Jun 2022 14:31:11,28 Jun 2022 14:31:19,0.133333333333333,"","",,,,3,""
"RTDSBatch","Deriv_Stats","IDS_2PM_NewBondListing_Trigger",28 Jun 2022 00:00:00,28 Jun 2022 14:31:12,28 Jun 2022 14:31:14,0.033333333333333,"","",,,,1,""
"EI Trading Batch","EOD Batch","TIS_EOP_DM",28 Jun 2022 00:00:00,28 Jun 2022 14:32:00,28 Jun 2022 14:32:08,0.133333333333333,"","",,,,1,""
"EI Trading Batch","EOD Batch","TIS_EOP_EM",28 Jun 2022 00:00:00,28 Jun 2022 14:32:00,28 Jun 2022 14:32:25,0.416666666666667,"","",,,,1,""
"EI Clearing Batch","EOD Batch","CIS_Recon_Trades",28 Jun 2022 00:00:00,28 Jun 2022 14:32:09,28 Jun 2022 14:32:14,0.083333333333333,"","",,,,1,""
"CBSBatch","EODBatch","InputBatch_Equity_Trades",28 Jun 2022 00:00:00,28 Jun 2022 14:32:25,28 Jun 2022 14:32:49,0.4,"","",,,,1,""
"RTDSBatch","RTDSBatch","LastTradeIsContraTrade",28 Jun 2022 00:00:00,28 Jun 2022 14:32:25,28 Jun 2022 14:32:29,0.066666666666667,"","",,,,1,""
"RTDSBatch","STATS_Triggers","STA_Batch_LD_EODTT",28 Jun 2022 00:00:00,28 Jun 2022 14:32:30,28 Jun 2022 14:33:01,0.516666666666667,"","",,,,1,""
"RTDSBatch","SMS","STA_Batch_D_LSMS",28 Jun 2022 00:00:00,28 Jun 2022 14:33:02,28 Jun 2022 14:33:11,0.15,"","",,,,1,""
"RTDSBatch","SMS","STA_Batch_D_SMS",28 Jun 2022 00:00:00,28 Jun 2022 14:33:02,28 Jun 2022 14:33:09,0.116666666666667,"","",,,,1,""
"RTDSBatch","STATS_Triggers","STA_Batch_LD_EODDINS",28 Jun 2022 00:00:00,28 Jun 2022 14:33:02,28 Jun 2022 14:34:05,1.05,"","",,,,1,""
"RTDSBatch","STATS_Triggers","STA_Batch_LD_EODDIDX",28 Jun 2022 00:00:00,28 Jun 2022 14:34:06,28 Jun 2022 14:34:31,0.416666666666667,"","",,,,1,""
"RTDSBatch","STATS_Triggers","STA_Batch_LD_EODDMRK",28 Jun 2022 00:00:00,28 Jun 2022 14:34:06,28 Jun 2022 14:34:20,0.233333333333333,"","",,,,1,""
"RTDSBatch","STATS_Triggers","STA_Batch_LD_EODDSEC",28 Jun 2022 00:00:00,28 Jun 2022 14:34:06,28 Jun 2022 14:36:38,2.533333333333333,"","",,,,1,""
"RTDSBatch","STATS_Triggers","STA_Batch_M_EODDIDX",28 Jun 2022 00:00:00,28 Jun 2022 14:34:06,28 Jun 2022 14:34:10,0.066666666666667,"","",,,,1,""
"RTDSBatch","STATS_Triggers","STA_Batch_W_EODDIDX",28 Jun 2022 00:00:00,28 Jun 2022 14:34:06,28 Jun 2022 14:34:09,0.05,"","",,,,1,""
"RTDSBatch","STATS_Triggers","INDEX_WK",28 Jun 2022 00:00:00,28 Jun 2022 14:34:10,28 Jun 2022 14:34:14,0.066666666666667,"","",,,,1,""
"RTDSBatch","STATS_Triggers","INDEX_MNTH",28 Jun 2022 00:00:00,28 Jun 2022 14:34:11,28 Jun 2022 14:34:14,0.05,"","",,,,1,""
"RTDSBatch","STATS_Triggers","L_INDEX",28 Jun 2022 00:00:00,28 Jun 2022 14:34:32,28 Jun 2022 14:34:34,0.033333333333333,"","",,,,1,""
"EI Clearing Batch","PreEOD Batch","PreEOD_Clearing_Download",28 Jun 2022 00:00:00,28 Jun 2022 14:35:03,28 Jun 2022 14:35:18,0.25,"","",,,,2,""
"RTDSBatch","STATS_Triggers","L_EOD",28 Jun 2022 00:00:00,28 Jun 2022 14:36:38,28 Jun 2022 14:36:42,0.066666666666667,"","",,,,1,""
"RTDSBatch","STATS_Triggers","STA_Batch_M_EODD",28 Jun 2022 00:00:00,28 Jun 2022 14:36:38,28 Jun 2022 14:36:41,0.05,"","",,,,1,""
"RTDSBatch","STATS_Triggers","STA_Batch_W_EODD",28 Jun 2022 00:00:00,28 Jun 2022 14:36:38,28 Jun 2022 14:36:41,0.05,"","",,,,1,""
"RTDSBatch","STATS_Triggers","A_EOD",28 Jun 2022 00:00:00,28 Jun 2022 14:36:41,28 Jun 2022 14:36:43,0.033333333333333,"","",,,,1,""
"RTDSBatch","STATS_Triggers","M_EOD",28 Jun 2022 00:00:00,28 Jun 2022 14:36:41,28 Jun 2022 14:36:45,0.066666666666667,"","",,,,1,""
"RTDSBatch","STATS_Triggers","STA_Batch_A_ECPR",28 Jun 2022 00:00:00,28 Jun 2022 14:36:41,28 Jun 2022 14:36:52,0.183333333333333,"","",,,,1,""
"RTDSBatch","STATS_Triggers","STA_Batch_M_ECPR",28 Jun 2022 00:00:00,28 Jun 2022 14:36:41,28 Jun 2022 14:36:44,0.05,"","",,,,1,""
"RTDSBatch","STATS_Triggers","STA_Batch_W_ECPR",28 Jun 2022 00:00:00,28 Jun 2022 14:36:41,28 Jun 2022 14:36:46,0.083333333333333,"","",,,,1,""
"RTDSBatch","STATS_Triggers","W_EOD",28 Jun 2022 00:00:00,28 Jun 2022 14:36:41,28 Jun 2022 14:36:45,0.066666666666667,"","",,,,1,""
"RTDSBatch","STATS_Triggers","M_EQTCLP",28 Jun 2022 00:00:00,28 Jun 2022 14:36:44,28 Jun 2022 14:36:47,0.05,"","",,,,1,""
"RTDSBatch","STATS_Triggers","W_EQTCLP",28 Jun 2022 00:00:00,28 Jun 2022 14:36:47,28 Jun 2022 14:36:49,0.033333333333333,"","",,,,1,""
"RTDSBatch","STATS_Triggers","A_EQTCLP",28 Jun 2022 00:00:00,28 Jun 2022 14:36:53,28 Jun 2022 14:36:57,0.066666666666667,"","",,,,1,""
"RTDSBatch","STATS_Triggers","STA_Batch_12_ECPR",28 Jun 2022 00:00:00,28 Jun 2022 14:36:53,28 Jun 2022 14:37:42,0.816666666666667,"","",,,,1,""
"RTDSBatch","STATS_Triggers","STA_Batch_12_EODD",28 Jun 2022 00:00:00,28 Jun 2022 14:36:53,28 Jun 2022 14:39:17,2.4,"","",,,,1,""
"RTDSBatch","STATS_Triggers","STA_Batch_LIQU",28 Jun 2022 00:00:00,28 Jun 2022 14:36:53,28 Jun 2022 14:37:38,0.75,"","",,,,1,""
"RTDSBatch","STATS_Triggers","EOD_12M",28 Jun 2022 00:00:00,28 Jun 2022 14:39:18,28 Jun 2022 14:39:20,0.033333333333333,"","",,,,1,""
"RTDSBatch","STATS_Triggers","Execute_CPA_Smoothing_Factor_Insert",28 Jun 2022 00:00:00,28 Jun 2022 14:39:18,28 Jun 2022 14:39:21,0.05,"","",,,,1,""
"EI Clearing Batch","PreEOD Batch","PreEOD_Clearing_Upload",28 Jun 2022 00:00:00,28 Jun 2022 14:55:23,28 Jun 2022 14:56:13,0.833333333333333,"","",,,,2,""
"RDSBatch","EODBatch","K0HDummy",28 Jun 2022 00:00:00,28 Jun 2022 15:08:58,28 Jun 2022 15:09:18,0.333333333333333,"Forced OK","SET TO OK REQUEST SUBMITTED BY USER Nomvelo",,28 Jun 2022 15:09:29,,1,""
"RDSBatch","EODBatch","K2HFtp",28 Jun 2022 00:00:00,28 Jun 2022 15:08:58,28 Jun 2022 15:09:18,0.333333333333333,"Forced OK","SET TO OK REQUEST SUBMITTED BY USER Nomvelo",,28 Jun 2022 15:09:29,,1,""
"RDSBatch","EODBatch","M0HFtp",28 Jun 2022 00:00:00,28 Jun 2022 15:09:29,28 Jun 2022 15:11:35,2.1,"Forced OK","SET TO OK REQUEST SUBMITTED BY USER Nomvelo",,28 Jun 2022 15:11:46,,1,""
"RDSBatch","EODBatch","M0HDummy",28 Jun 2022 00:00:00,28 Jun 2022 15:11:46,28 Jun 2022 15:12:15,0.483333333333333,"Forced OK","SET TO OK REQUEST SUBMITTED BY USER Nomvelo",,28 Jun 2022 15:12:25,,1,""
"VIS","EOD Batch","VIS_EOD_PriceRun",28 Jun 2022 00:00:00,28 Jun 2022 15:47:21,28 Jun 2022 16:41:05,53.733333333333334,"","",,,,1,""
"CRDS","CRDS","CRDS_Time_SyncBondData",28 Jun 2022 00:00:00,28 Jun 2022 16:00:00,28 Jun 2022 16:01:32,1.533333333333333,"","",,,,4,""
"CRDS","CRDS","CRDS_Update_LDB",28 Jun 2022 00:00:00,28 Jun 2022 16:01:28,28 Jun 2022 16:01:47,0.316666666666667,"","",,,,4,""
"CRDS","CRDS","CRDS_Update_XIS",28 Jun 2022 00:00:00,28 Jun 2022 16:01:28,28 Jun 2022 16:02:02,0.566666666666667,"","",,,,4,""
"CRDS","CRDS","CRDS_GMD_File",28 Jun 2022 00:00:00,28 Jun 2022 16:01:29,28 Jun 2022 16:01:36,0.116666666666667,"","",,,,4,""
"RTDSBatch","Deriv_Stats","IDS_4PMBonddata_Trigger",28 Jun 2022 00:00:00,28 Jun 2022 16:01:31,28 Jun 2022 16:01:41,0.166666666666667,"","",,,,1,""
"EI Trading Batch","EOD Batch","TIS_EOT_DM",28 Jun 2022 00:00:00,28 Jun 2022 16:10:00,28 Jun 2022 16:10:06,0.1,"","",,,,1,""
"EI Trading Batch","EOD Batch","TIS_EOT_EM",28 Jun 2022 00:00:00,28 Jun 2022 16:10:00,28 Jun 2022 16:10:13,0.216666666666667,"","",,,,1,""
"RDSBatch","EODBatch","BondDataBatch",28 Jun 2022 00:00:00,28 Jun 2022 16:10:00,28 Jun 2022 16:10:06,0.1,"Forced OK","SET TO OK REQUEST SUBMITTED BY USER Nomvelo",,28 Jun 2022 16:11:38,,1,""
"EI Trading Batch","EOD Batch","TIS_Stop_Services",28 Jun 2022 00:00:00,28 Jun 2022 16:10:14,28 Jun 2022 16:10:26,0.2,"","",,,,1,""
"MIT","JSE_SURV","JSE_EOD_Status_Check",28 Jun 2022 00:00:00,28 Jun 2022 16:11:00,28 Jun 2022 16:15:03,4.05,"","",,,,1,""
"MIT","JSE_SURV","0060_SURV_JSE_SYSTEM_STOP",28 Jun 2022 00:00:00,28 Jun 2022 16:15:04,28 Jun 2022 16:15:06,0.033333333333333,"","",,,,1,""
"MIT","JSE_SURV","0110_SURV_JSE_DB_CLEAN",28 Jun 2022 00:00:00,28 Jun 2022 16:15:11,28 Jun 2022 16:15:15,0.066666666666667,"","",,,,1,""
"EI Clearing Batch","EOD Batch","Derivative_Closing_Prices_Upload",28 Jun 2022 00:00:00,28 Jun 2022 16:41:06,28 Jun 2022 16:41:31,0.416666666666667,"","",,,,1,""
"RTDSBatch","Deriv_Stats","IDS_VisEOD_Trigger",28 Jun 2022 00:00:00,28 Jun 2022 16:41:06,28 Jun 2022 16:41:13,0.116666666666667,"","",,,,1,""
"MIT","JSE_EXCHANGE","Derivative_Closing_Prices_Consume",28 Jun 2022 00:00:00,28 Jun 2022 16:41:32,28 Jun 2022 16:42:52,1.333333333333333,"","",,,,1,""
"VIS","EOD Batch","VIS_LateEOD_PriceRun",28 Jun 2022 00:00:00,28 Jun 2022 16:42:52,28 Jun 2022 16:43:34,0.7,"","",,,,1,""
"EI Clearing Batch","EOD Batch","LateEOD_Clearing_Download",28 Jun 2022 00:00:00,28 Jun 2022 16:43:34,28 Jun 2022 16:43:48,0.233333333333333,"","",,,,1,""
"EI Clearing Batch","EOD Batch","Late_Derivative_Closing_Prices_Upload",28 Jun 2022 00:00:00,28 Jun 2022 16:43:34,28 Jun 2022 16:43:55,0.35,"","",,,,1,""
"VIS","EOD Batch","Stop_JSE_VIS_Service",28 Jun 2022 00:00:00,28 Jun 2022 16:43:34,28 Jun 2022 16:43:39,0.083333333333333,"","",,,,1,""
"VIS","EOD Batch","Stop_JSE_VIS_TRDS_Service",28 Jun 2022 00:00:00,28 Jun 2022 16:43:34,28 Jun 2022 16:43:57,0.383333333333333,"","",,,,1,""
"EI Clearing Batch","EOD Batch","CIS_StartEndOfDay",28 Jun 2022 00:00:00,28 Jun 2022 16:43:49,28 Jun 2022 16:43:54,0.083333333333333,"","",,,,1,""
"MIT","JSE_EXCHANGE","Late_Derivative_Closing_Prices_Consume",28 Jun 2022 00:00:00,28 Jun 2022 16:43:56,28 Jun 2022 16:45:16,1.333333333333333,"","",,,,1,""
"EI Clearing Batch","EOD Batch","CIS_Recon_Deals",28 Jun 2022 00:00:00,28 Jun 2022 16:45:04,28 Jun 2022 16:45:19,0.25,"","",,,,1,""
"RTC_1B","RTC_1B","0030_RTC_RISK_REPORTS",28 Jun 2022 00:00:00,28 Jun 2022 16:45:04,28 Jun 2022 16:45:17,0.216666666666667,"","",,,,1,""
"CBSBatch","EODBatch","Billing_InputBatch_EquityDerivatesDeals",28 Jun 2022 00:00:00,28 Jun 2022 16:45:20,28 Jun 2022 16:46:53,1.55,"","",,,,1,""
"EI Clearing Batch","EOD Batch","CIS_BDA_Deals_File",28 Jun 2022 00:00:00,28 Jun 2022 16:45:20,28 Jun 2022 16:45:43,0.383333333333333,"","",,,,1,""
"EI Clearing Batch","EOD Batch","CIS_RiskArray_Snapshot",28 Jun 2022 00:00:00,28 Jun 2022 16:45:20,28 Jun 2022 16:46:34,1.233333333333333,"","",,,,1,""
"EI Clearing Batch","EOD Batch","CIS_Risk_Positions",28 Jun 2022 00:00:00,28 Jun 2022 16:45:20,28 Jun 2022 16:45:28,0.133333333333333,"","",,,,1,""
"MDS","EODBatch","MDS_OpenPositions_EOD",28 Jun 2022 00:00:00,28 Jun 2022 16:45:29,28 Jun 2022 16:45:52,0.383333333333333,"","",,,,1,""
"MDS","EODBatch","MDS_PreDeriv_CorpAction",28 Jun 2022 00:00:00,28 Jun 2022 16:45:53,28 Jun 2022 16:46:11,0.3,"","",,,,1,""
"MDS","EODBatch","MDS_MainDeriv_CorpAction",28 Jun 2022 00:00:00,28 Jun 2022 16:46:12,28 Jun 2022 16:46:15,0.05,"","",,,,1,""
"MDS","EODBatch","MDS_AutoUpdate_FutureExpiries",28 Jun 2022 00:00:00,28 Jun 2022 16:46:15,28 Jun 2022 16:46:18,0.05,"","",,,,1,""
"MDS","EODBatch","MDS_AutoExpire_CurrentExpiries",28 Jun 2022 00:00:00,28 Jun 2022 16:46:19,28 Jun 2022 16:53:58,7.65,"","",,,,1,""
"EI Clearing Batch","EOD Batch","CIS_RiskNodeEvent_Snapshot",28 Jun 2022 00:00:00,28 Jun 2022 16:46:35,28 Jun 2022 16:47:18,0.716666666666667,"","",,,,1,""
"RTDSBatch","Deriv_Stats","IDS_RiskParam_Trigger",28 Jun 2022 00:00:00,28 Jun 2022 16:46:35,28 Jun 2022 16:46:42,0.116666666666667,"","",,,,1,""
"CBSBatch","EODBatch","Billing_InputBatch_CurrencyDerivatesDeals",28 Jun 2022 00:00:00,28 Jun 2022 16:46:54,28 Jun 2022 16:47:42,0.8,"","",,,,1,""
"CBSBatch","EODBatch","Billing_InputBatch_Collaterals",28 Jun 2022 00:00:00,28 Jun 2022 16:47:43,28 Jun 2022 16:50:56,3.216666666666667,"","",,,,1,""
"RTDSBatch","Deriv_Stats","STA_Daily_Deriv",28 Jun 2022 00:00:00,28 Jun 2022 16:47:43,28 Jun 2022 16:49:38,1.916666666666667,"","",,,,1,""
"RTDSBatch","Deriv_Stats","STA_IDS_DailyDeriv_Trigger",28 Jun 2022 00:00:00,28 Jun 2022 16:49:39,28 Jun 2022 16:49:45,0.1,"","",,,,1,""
"RTDSBatch","Deriv_Stats","STA_IDS_WeeklyDeriv_Trigger",28 Jun 2022 00:00:00,28 Jun 2022 16:49:45,28 Jun 2022 16:49:47,0.033333333333333,"","",,,,1,""
"RTDSBatch","Deriv_Stats","STA_IDS_MonthlyDeriv_Trigger",28 Jun 2022 00:00:00,28 Jun 2022 16:49:48,28 Jun 2022 16:49:50,0.033333333333333,"","",,,,1,""
"CBSBatch","EODBatch","Billing_InputBatch_InterCompany",28 Jun 2022 00:00:00,28 Jun 2022 16:50:57,28 Jun 2022 16:51:08,0.183333333333333,"","",,,,1,""
"CBSBatch","EODBatch","OutputBatch_Invoicing_RTC",28 Jun 2022 00:00:00,28 Jun 2022 16:51:08,28 Jun 2022 16:51:23,0.25,"","",,,,1,""
"CBSBatch","EODBatch","Output_Batch_Reconciliation_EDM",28 Jun 2022 00:00:00,28 Jun 2022 16:51:24,28 Jun 2022 16:53:55,2.516666666666667,"","",,,,1,""
"EI Clearing Batch","EOD Batch","CIS_Recon_Fees",28 Jun 2022 00:00:00,28 Jun 2022 16:51:37,28 Jun 2022 16:51:43,0.1,"","",,,,1,""
"EI Clearing Batch","EOD Batch","CIS_Fees_Continue",28 Jun 2022 00:00:00,28 Jun 2022 16:51:44,28 Jun 2022 16:51:48,0.066666666666667,"","",,,,1,""
"EI Clearing Batch","EOD Batch","CIS_ExternalPmnts_Continue",28 Jun 2022 00:00:00,28 Jun 2022 16:51:48,28 Jun 2022 16:51:51,0.05,"Forced OK","SET TO OK REQUEST SUBMITTED BY USER Nomvelo",,28 Jun 2022 16:56:49,,1,"#@#@#@#@#@#"C:\Program Files\JSE\Jse.Ei.Batch.PostTrade\Jse.Ei.Batch.PostTrade.exe" /bc /bj ExternalPaymentRecon 2022-06-28 16:51:51:517::264	::HandlingInstanceID: 2f517db3-c595-489d-969a-ed8cb8903e4a An exception of type 'Autofac.Core.DependencyResolutionException' occurred and was caught. ------------------------------------------------------------------------------------------ 06/28/2022 16:51:51 Type : Autofac.Core.DependencyResolutionException; Autofac; Version=4.8.1.0; Culture=neutral; PublicKeyToken=17863af14b0044da Message : An error occurred during the activation of a particular registration. See the inner exception for details. Registration: Activator = IBatchJob[] (DelegateActivator); Services = [System.Collections.Generic.IEnumerable`1[[Jse.ControlM.BatchBase.IBatchJob; Jse.ControlM.BatchBase; Version=1.0.0.0; Culture=neutral; PublicKeyToken=null]]]; Lifetime = Autofac.Core.Lifetime.CurrentScopeLifetime; Sharing = None; Ownership = ExternallyOwned ---> An error occurred during the activation of a particular registration. See the inner exception for details. Registration: Activator = ExternalPaymentRecon (ReflectionActivator); Services = [Jse.ControlM.BatchBase.IBatchJob]; Lifetime = Autofac.Core.Lifetime.CurrentScopeLifetime; Sharing = None; Ownership = OwnedByLifetimeScope ---> An error occurred during the activation of a particular registration. See the inner exception for details. Registration: Activator = ReconciliationService (ReflectionActivator); Services = [Jse.Ei.Batch.PostTrade.Services.IReconciliationService]; Lifetime = Autofac.Core.Lifetime.CurrentScopeLifetime; Sharing = None; Ownership = OwnedByLifetimeScope ---> An exception was thrown while invoking the constructor 'Void .ctor(Jse.Ei.Batch.PostTrade.Services.IClearingMemberConfiguration; Jse.Eis.MessageHandler.TagWire.Serialization.ITagWireSerializer; Jse.Eis.MessageHandler.TagWire.Serialization.ITagWireEventStreamSerializer)' on type 'ReconciliationService'. ---> Could not find a part of the path 'C:\Program Files\BMC Software\Control-M Agent\Default\Dependencies\ClearingMembers.xml'. (See inner exception for details.) (See inner exception for details.) (See inner exception for details.) (See inner exception for details.) Source : Autofac Help link : Data : System.Collections.ListDictionaryInternal TargetSite : System.Object Activate(System.Collections.Generic.IEnumerable`1[Autofac.Core.Parameter]) HResult : -2146233088 Stack Trace :    at Autofac.Core.Resolving.InstanceLookup.Activate(IEnumerable`1 parameters) at Autofac.Core.Resolving.InstanceLookup.Execute() at Autofac.Core.Resolving.ResolveOperation.GetOrCreateInstance(ISharingLifetimeScope currentOperationScope; IComponentRegistration registration; IEnumerable`1 parameters) at Autofac.Core.Resolving.ResolveOperation.Execute(IComponentRegistration registration; IEnumerable`1 parameters) at Autofac.Core.Lifetime.LifetimeScope.ResolveComponent(IComponentRegistration registration; IEnumerable`1 parameters) at Autofac.ResolutionExtensions.TryResolveService(IComponentContext context; Service service; IEnumerable`1 parameters; Object& instance) at Autofac.ResolutionExtensions.ResolveService(IComponentContext context; Service service; IEnumerable`1 parameters) at Autofac.ResolutionExtensions.Resolve[TService](IComponentContext context; IEnumerable`1 parameters) at Jse.Ei.Batch.PostTrade.Program.ExecuteImpl() in C:\Source\JSE\Enterprise Integration\Source\Applications\Batches\Jse.Ei.Batch.PostTrade\Program.cs:line 49 at Jse.Ei.Batch.PostTrade.Program.Main(String[] args) in C:\Source\JSE\Enterprise Integration\Source\Applications\Batches\Jse.Ei.Batch.PostTrade\Program.cs:line 23 Additional Info: MachineName : VT50EISBAT01 TimeStamp : 2022-06-28 02:51:51 PM FullName : Microsoft.Practices.EnterpriseLibrary.ExceptionHandling; Version=5.0.414.0; Culture=neutral; PublicKeyToken=31bf3856ad364e35 AppDomainName : Jse.Ei.Batch.PostTrade.exe ThreadIdentity : WindowsIdentity : TEST\svc.test.clm Inner Exception --------------- Type : Autofac.Core.DependencyResolutionException; Autofac; Version=4.8.1.0; Culture=neutral; PublicKeyToken=17863af14b0044da Message : An error occurred during the activation of a particular registration. See the inner exception for details. Registration: Activator = ExternalPaymentRecon (ReflectionActivator); Services = [Jse.ControlM.BatchBase.IBatchJob]; Lifetime = Autofac.Core.Lifetime.CurrentScopeLifetime; Sharing = None; Ownership = OwnedByLifetimeScope ---> An error occurred during the activation of a particular registration. See the inner exception for details. Registration: Activator = ReconciliationService (ReflectionActivator); Services = [Jse.Ei.Batch.PostTrade.Services.IReconciliationService]; Lifetime = Autofac.Core.Lifetime.CurrentScopeLifetime; Sharing = None; Ownership = OwnedByLifetimeScope ---> An exception was thrown while invoking the constructor 'Void .ctor(Jse.Ei.Batch.PostTrade.Services.IClearingMemberConfiguration; Jse.Eis.MessageHandler.TagWire.Serialization.ITagWireSerializer; Jse.Eis.MessageHandler.TagWire.Serialization.ITagWireEventStreamSerializer)' on type 'ReconciliationService'. ---> Could not find a part of the path 'C:\Program Files\BMC Software\Control-M Agent\Default\Dependencies\ClearingMembers.xml'. (See inner exception for details.) (See inner exception for details.) (See inner exception for details.) Source : Autofac Help link : Data : System.Collections.ListDictionaryInternal TargetSite : System.Object Activate(System.Collections.Generic.IEnumerable`1[Autofac.Core.Parameter]) HResult : -2146233088 Stack Trace :    at Autofac.Core.Resolving.InstanceLookup.Activate(IEnumerable`1 parameters) at Autofac.Core.Resolving.InstanceLookup.Execute() at Autofac.Core.Resolving.ResolveOperation.GetOrCreateInstance(ISharingLifetimeScope currentOperationScope; IComponentRegistration registration; IEnumerable`1 parameters) at Autofac.Core.Resolving.InstanceLookup.ResolveComponent(IComponentRegistration registration; IEnumerable`1 parameters) at Autofac.Features.Collections.CollectionRegistrationSource.<>c__DisplayClass0_1.<RegistrationsFor>b__2(IComponentRegistration cr) at System.Linq.Enumerable.WhereSelectEnumerableIterator`2.MoveNext() at System.Linq.Buffer`1..ctor(IEnumerable`1 source) at System.Linq.Enumerable.ToArray[TSource](IEnumerable`1 source) at Autofac.Features.Collections.CollectionRegistrationSource.<>c__DisplayClass0_0.<RegistrationsFor>b__0(IComponentContext c; IEnumerable`1 p) at Autofac.Core.Activators.Delegate.DelegateActivator.ActivateInstance(IComponentContext context; IEnumerable`1 parameters) at Autofac.Core.Resolving.InstanceLookup.Activate(IEnumerable`1 parameters) Inner Exception --------------- Type : Autofac.Core.DependencyResolutionException; Autofac; Version=4.8.1.0; Culture=neutral; PublicKeyToken=17863af14b0044da Message : An error occurred during the activation of a particular registration. See the inner exception for details. Registration: Activator = ReconciliationService (ReflectionActivator); Services = [Jse.Ei.Batch.PostTrade.Services.IReconciliationService]; Lifetime = Autofac.Core.Lifetime.CurrentScopeLifetime; Sharing = None; Ownership = OwnedByLifetimeScope ---> An exception was thrown while invoking the constructor 'Void .ctor(Jse.Ei.Batch.PostTrade.Services.IClearingMemberConfiguration; Jse.Eis.MessageHandler.TagWire.Serialization.ITagWireSerializer; Jse.Eis.MessageHandler.TagWire.Serialization.ITagWireEventStreamSerializer)' on type 'ReconciliationService'. ---> Could not find a part of the path 'C:\Program Files\BMC Software\Control-M Agent\Default\Dependencies\ClearingMembers.xml'. (See inner exception for details.) (See inner exception for details.) Source : Autofac Help link : Data : System.Collections.ListDictionaryInternal TargetSite : System.Object Activate(System.Collections.Generic.IEnumerable`1[Autofac.Core.Parameter]) HResult : -2146233088 Stack Trace :    at Autofac.Core.Resolving.InstanceLookup.Activate(IEnumerable`1 parameters) at Autofac.Core.Resolving.InstanceLookup.Execute() at Autofac.Core.Resolving.ResolveOperation.GetOrCreateInstance(ISharingLifetimeScope currentOperationScope; IComponentRegistration registration; IEnumerable`1 parameters) at Autofac.Core.Resolving.InstanceLookup.ResolveComponent(IComponentRegistration registration; IEnumerable`1 parameters) at Autofac.Core.Activators.Reflection.AutowiringParameter.<>c__DisplayClass0_0.<CanSupplyValue>b__0() at Autofac.Core.Activators.Reflection.ConstructorParameterBinding.Instantiate() at Autofac.Core.Activators.Reflection.ReflectionActivator.ActivateInstance(IComponentContext context; IEnumerable`1 parameters) at Autofac.Core.Resolving.InstanceLookup.Activate(IEnumerable`1 parameters) Inner Exception --------------- Type : Autofac.Core.DependencyResolutionException; Autofac; Version=4.8.1.0; Culture=neutral; PublicKeyToken=17863af14b0044da Message : An exception was thrown while invoking the constructor 'Void .ctor(Jse.Ei.Batch.PostTrade.Services.IClearingMemberConfiguration; Jse.Eis.MessageHandler.TagWire.Serialization.ITagWireSerializer; Jse.Eis.MessageHandler.TagWire.Serialization.ITagWireEventStreamSerializer)' on type 'ReconciliationService'. ---> Could not find a part of the path 'C:\Program Files\BMC Software\Control-M Agent\Default\Dependencies\ClearingMembers.xml'. (See inner exception for details.) Source : Autofac Help link : Data : System.Collections.ListDictionaryInternal TargetSite : System.Object Instantiate() HResult : -2146233088 Stack Trace :    at Autofac.Core.Activators.Reflection.ConstructorParameterBinding.Instantiate() at Autofac.Core.Activators.Reflection.ReflectionActivator.ActivateInstance(IComponentContext context; IEnumerable`1 parameters) at Autofac.Core.Resolving.InstanceLookup.Activate(IEnumerable`1 parameters) Inner Exception --------------- Type : System.IO.DirectoryNotFoundException; mscorlib; Version=4.0.0.0; Culture=neutral; PublicKeyToken=b77a5c561934e089 Message : Could not find a part of the path 'C:\Program Files\BMC Software\Control-M Agent\Default\Dependencies\ClearingMembers.xml'. Source : mscorlib Help link : Data : System.Collections.ListDictionaryInternal TargetSite : Void WinIOError(Int32; System.String) HResult : -2147024893 Stack Trace :    at System.IO.__Error.WinIOError(Int32 errorCode; String maybeFullPath) at System.IO.FileStream.Init(String path; FileMode mode; FileAccess access; Int32 rights; Boolean useRights; FileShare share; Int32 bufferSize; FileOptions options; SECURITY_ATTRIBUTES secAttrs; String msgPath; Boolean bFromProxy; Boolean useLongPath; Boolean checkHost) at System.IO.FileStream..ctor(String path; FileMode mode; FileAccess access; FileShare share; Int32 bufferSize) at System.Xml.XmlDownloadManager.GetStream(Uri uri; ICredentials credentials; IWebProxy proxy; RequestCachePolicy cachePolicy) at System.Xml.XmlUrlResolver.GetEntity(Uri absoluteUri; String role; Type ofObjectToReturn) at System.Xml.XmlTextReaderImpl.FinishInitUriString() at System.Xml.XmlTextReaderImpl..ctor(String uriStr; XmlReaderSettings settings; XmlParserContext context; XmlResolver uriResolver) at System.Xml.XmlReaderSettings.CreateReader(String inputUri; XmlParserContext inputContext) at System.Xml.XmlReader.Create(String inputUri; XmlReaderSettings settings; XmlParserContext inputContext) at System.Xml.Linq.XDocument.Load(String uri; LoadOptions options) at Jse.Ei.Batch.PostTrade.Services.ClearingMemberConfiguration.LoadClearingMemberConfiguration() in C:\Source\JSE\Enterprise Integration\Source\Applications\Batches\Jse.Ei.Batch.PostTrade\Services\ClearingMemberConfiguration.cs:line 63 at Jse.Ei.Batch.PostTrade.Services.ClearingMemberConfiguration.GetClearingMemberConfigurations() in C:\Source\JSE\Enterprise Integration\Source\Applications\Batches\Jse.Ei.Batch.PostTrade\Services\ClearingMemberConfiguration.cs:line 78 at lambda_method(Closure ; Object[] ) at Autofac.Core.Activators.Reflection.ConstructorParameterBinding.Instantiate() Job Object statistics ==================== Total User CPU Time: 0.641 second Total Kernel CPU Time: 0.313 second This Period Total User CPU Time: 0.641 second This Period Total Kernel CPU Time: 0.313 second Total Page Fault Count: 25536 Total Processes: 3 Active Processes: 0 Total Terminated Processes: 0 Total peak job memory used: 26.280 mega bytes"
"EI Clearing Batch","EOD Batch","CIS_BDA_Margins_File",28 Jun 2022 00:00:00,28 Jun 2022 16:52:10,28 Jun 2022 16:52:15,0.083333333333333,"","",,,,1,""
"EI Clearing Batch","EOD Batch","CIS_EOD_Positions",28 Jun 2022 00:00:00,28 Jun 2022 16:52:15,28 Jun 2022 16:52:25,0.166666666666667,"","",,,,1,""
"EI Clearing Batch","EOD Batch","CIS_BDA_Positions_File",28 Jun 2022 00:00:00,28 Jun 2022 16:52:26,28 Jun 2022 16:52:42,0.266666666666667,"","",,,,1,""
"CBSBatch","EODBatch","Output_Batch_Reconciliation_CDM",28 Jun 2022 00:00:00,28 Jun 2022 16:53:56,28 Jun 2022 16:55:13,1.283333333333333,"","",,,,1,""
"MDS","EODBatch","MDS_AutoGen_FutureExpiries",28 Jun 2022 00:00:00,28 Jun 2022 16:53:59,28 Jun 2022 17:04:31,10.533333333333333,"","",,,,1,""
"CBSBatch","EODBatch","OutputBatch_Reconciliation_Collaterals",28 Jun 2022 00:00:00,28 Jun 2022 16:55:14,28 Jun 2022 16:55:27,0.216666666666667,"","",,,,1,""
"EI Clearing Batch","EOD Batch","EOD_Clearing_Download",28 Jun 2022 00:00:00,28 Jun 2022 17:04:32,28 Jun 2022 17:04:48,0.266666666666667,"","",,,,1,""
"MIT","JSE_EXCHANGE","0250_EXC_INTRA_START_REF_DATA_DOWNLOAD",28 Jun 2022 00:00:00,28 Jun 2022 17:04:32,28 Jun 2022 17:04:34,0.033333333333333,"","",,,,1,""
"EI Clearing Batch","EOD Batch","EOD_Clearing_Data_Integrity_Checks",28 Jun 2022 00:00:00,28 Jun 2022 17:04:48,28 Jun 2022 17:06:46,1.966666666666667,"","",,,,1,""
"EI Trading Batch","PreEOD Batch","PreEOD_Trading_Download",28 Jun 2022 00:00:00,28 Jun 2022 17:05:10,28 Jun 2022 17:06:30,1.333333333333333,"","",,,,1,""
"EI Trading Batch","PreEOD Batch","PreEOD_Trading_Data_Integrity_Checks",28 Jun 2022 00:00:00,28 Jun 2022 17:06:31,28 Jun 2022 17:08:07,1.6,"","",,,,1,""
"EI Clearing Batch","EOD Batch","EOD_Clearing_OpenPositions_Snapshot",28 Jun 2022 00:00:00,28 Jun 2022 17:06:46,28 Jun 2022 17:06:53,0.116666666666667,"","",,,,1,""
"EI Clearing Batch","EOD Batch","EOD_Clearing_Upload_Alert",28 Jun 2022 00:00:00,28 Jun 2022 17:06:54,28 Jun 2022 17:07:22,0.466666666666667,"","",,,,1,""
"EI Clearing Batch","EOD Batch","EOD_Clearing_Upload",28 Jun 2022 00:00:00,28 Jun 2022 17:07:23,28 Jun 2022 17:08:26,1.05,"Forced OK","SET TO OK REQUEST SUBMITTED BY USER Nomvelo",,28 Jun 2022 17:22:10,,1,"#@#@#@#@#@#"C:\Program Files\JSE\Jse.Ei.Batch.CommonDataUpload\Jse.Ei.Batch.CommonDataUpload.exe" /bc /bj POSTUPLOAD 2022-06-28 17:07:25:248::10320	::General::common data upload starting :: POSTUPLOAD Logical Date :: 2022-06-28 :: Delta True 2022-06-28 17:07:27:172::10320	::General::AddCurrencyReqMsg    fetching data (EDAL) 2022-06-28 17:07:27:172::10320	::General::AddCurrencyReqMsg    fetched 0 records in 1ms 2022-06-28 17:07:27:172::10320	::General::UpdateCurrencyReqMsg fetching data (EDAL) 2022-06-28 17:07:27:172::10320	::General::UpdateCurrencyReqMsg fetched 0 records in 0ms 2022-06-28 17:07:28:115::10320	::General::AddCountryReqMsg     fetching data (EDAL) 2022-06-28 17:07:28:115::10320	::General::AddCountryReqMsg     fetched 0 records in 0ms 2022-06-28 17:07:28:115::10320	::General::UpdateCountryReqMsg  fetching data (EDAL) 2022-06-28 17:07:28:115::10320	::General::UpdateCountryReqMsg  fetched 0 records in 0ms 2022-06-28 17:07:29:870::10320	::General::AddCalendarDateReqMsg fetching data (EDAL) 2022-06-28 17:07:29:870::10320	::General::AddCalendarDateReqMsg fetched 0 records in 0ms 2022-06-28 17:07:29:870::10320	::General::RemoveCalendarDateReqMsg fetching data (EDAL) 2022-06-28 17:07:29:870::10320	::General::RemoveCalendarDateReqMsg fetched 0 records in 0ms 2022-06-28 17:07:30:107::10320	::General::CdAddOrUpdateSeriesSpreadGroupReqMsg fetching data (EDAL) 2022-06-28 17:07:30:107::10320	::General::CdAddOrUpdateSeriesSpreadGroupReqMsg fetched 0 records in 0ms 2022-06-28 17:07:30:635::10320	::General::CdAddOrUpdateClassSpreadGroupReqMsg fetching data (EDAL) 2022-06-28 17:07:30:635::10320	::General::CdAddOrUpdateClassSpreadGroupReqMsg fetched 0 records in 0ms 2022-06-28 17:07:31:441::10320	::General::CdAddForwardRateAgreementReqMsg fetching data (EDAL) 2022-06-28 17:07:31:441::10320	::General::CdAddForwardRateAgreementReqMsg fetched 0 records in 0ms 2022-06-28 17:07:31:441::10320	::General::CdUpdateForwardRateAgreementReqMsg fetching data (EDAL) 2022-06-28 17:07:31:441::10320	::General::CdUpdateForwardRateAgreementReqMsg fetched 0 records in 0ms 2022-06-28 17:07:31:973::10320	::General::CdAddDepositReqMsg   fetching data (EDAL) 2022-06-28 17:07:31:973::10320	::General::CdAddDepositReqMsg   fetched 0 records in 0ms 2022-06-28 17:07:31:973::10320	::General::CdUpdateDepositReqMsg fetching data (EDAL) 2022-06-28 17:07:31:989::10320	::General::CdUpdateDepositReqMsg fetched 0 records in 0ms 2022-06-28 17:07:32:516::10320	::General::CdAddInterestRateSwapReqMsg fetching data (EDAL) 2022-06-28 17:07:32:516::10320	::General::CdAddInterestRateSwapReqMsg fetched 0 records in 0ms 2022-06-28 17:07:32:516::10320	::General::CdUpdateInterestRateSwapReqMsg fetching data (EDAL) 2022-06-28 17:07:32:516::10320	::General::CdUpdateInterestRateSwapReqMsg fetched 0 records in 0ms 2022-06-28 17:07:32:516::10320	::General::ITagWireMessage      fetching data (EDAL) 2022-06-28 17:07:33:286::10320	::General::CdAddCurveReqMsg     fetching data (EDAL) 2022-06-28 17:07:33:286::10320	::General::CdAddCurveReqMsg     fetched 0 records in 0ms 2022-06-28 17:07:33:286::10320	::General::ITagWireMessage      fetched 0 records in 761ms 2022-06-28 17:07:33:286::10320	::General::ITagWireMessage      fetching data (EDAL) 2022-06-28 17:07:33:884::10320	::General::CdUpdateCurveReqMsg  fetching data (EDAL) 2022-06-28 17:07:33:884::10320	::General::CdUpdateCurveReqMsg  fetched 0 records in 0ms 2022-06-28 17:07:33:884::10320	::General::ITagWireMessage      fetched 0 records in 593ms 2022-06-28 17:07:34:763::10320	::General::CdAddSurfaceReqMsg   fetching data (EDAL) 2022-06-28 17:07:34:763::10320	::General::CdAddSurfaceReqMsg   fetched 0 records in 0ms 2022-06-28 17:07:34:763::10320	::General::CdUpdateSurfaceReqMsg fetching data (EDAL) 2022-06-28 17:07:34:763::10320	::General::CdUpdateSurfaceReqMsg fetched 0 records in 1ms 2022-06-28 17:07:37:510::10320	::General::AddTradableInstrumentReqMsg fetching data (EDAL) 2022-06-28 17:07:37:526::10320	::General::AddTradableInstrumentReqMsg fetched 0 records in 1ms 2022-06-28 17:07:48:179::10320	::General::AddTradableInstrumentReqMsg fetching data (EDAL) 2022-06-28 17:07:48:179::10320	::General::AddTradableInstrumentReqMsg fetched 0 records in 0ms 2022-06-28 17:07:48:179::10320	::General::AddTradableInstrumentReqMsg fetching data (EDAL) 2022-06-28 17:07:48:179::10320	::General::AddTradableInstrumentReqMsg fetched 0 records in 0ms 2022-06-28 17:07:48:179::10320	::General::UpdateTradableInstrumentReqMsg fetching data (EDAL) 2022-06-28 17:07:48:179::10320	::General::UpdateTradableInstrumentReqMsg fetched 0 records in 0ms 2022-06-28 17:07:48:179::10320	::General::UpdateTradableInstrumentReqMsg fetching data (EDAL) 2022-06-28 17:07:48:179::10320	::General::UpdateTradableInstrumentReqMsg fetched 0 records in 0ms 2022-06-28 17:07:48:179::10320	::General::UpdateTradableInstrumentReqMsg fetching data (EDAL) 2022-06-28 17:07:48:179::10320	::General::UpdateTradableInstrumentReqMsg fetched 0 records in 0ms 2022-06-28 17:07:50:778::10320	::General::AddTradableInstrumentReqMsg fetching data (EDAL) 2022-06-28 17:07:50:794::10320	::General::AddTradableInstrumentReq fetched 3 records in 0ms 2022-06-28 17:07:50:794::10320	::General::AddTradableInstrumentReq submitting 3 messages. 2022-06-28 17:07:50:971::10320	::General::opening file: EOD-AddTradableInstrumentReqMsg-Bond.xml 2022-06-28 17:07:51:406::10320	::General::AddTradableInstrumentReq completed 3 responses. 2022-06-28 17:07:51:406::10320	::General::UpdateTradableInstrumentReqMsg fetching data (EDAL) 2022-06-28 17:07:51:407::10320	::General::UpdateTradableInstrumentReq fetched 1 records in 0ms 2022-06-28 17:07:51:407::10320	::General::UpdateTradableInstrumentReq submitting 1 messages. 2022-06-28 17:07:51:409::10320	::General::opening file: EOD-UpdateTradableInstrumentReqMsg-Bond.xml 2022-06-28 17:07:51:895::10320	::General::UpdateTradableInstrumentReq completed 1 responses. 2022-06-28 17:07:51:895::10320	::General::CorporateActions (Singular Submissions) fetching data (EDAL) 2022-06-28 17:07:54:795::10320	::General::CdAddRtcMemberReqMsg fetching data (EDAL) 2022-06-28 17:07:54:795::10320	::General::CdAddRtcMemberReqMsg fetched 0 records in 0ms 2022-06-28 17:07:54:795::10320	::General::CdAddRtcMemberReqMsg fetching data (EDAL) 2022-06-28 17:07:54:811::10320	::General::CdAddRtcMemberReqMsg fetched 0 records in 0ms 2022-06-28 17:07:54:811::10320	::General::CdAddRtcMemberReqMsg fetching data (EDAL) 2022-06-28 17:07:54:811::10320	::General::CdAddRtcMemberReqMsg fetched 0 records in 0ms 2022-06-28 17:07:54:811::10320	::General::CdUpdateRtcClearingMemberReqMsg fetching data (EDAL) 2022-06-28 17:07:56:845::10320	::General::CdUpdateRtcClearingMemberReq fetched 2 records in 2042ms 2022-06-28 17:07:56:845::10320	::General::CdUpdateRtcClearingMemberReq submitting 2 messages. 2022-06-28 17:07:56:861::10320	::General::opening file: EOD-CdUpdateRtcClearingMemberReqMsg.xml 2022-06-28 17:07:57:330::10320	::General::CdUpdateRtcClearingMemberReq completed 2 responses. 2022-06-28 17:07:57:330::10320	::General::CdUpdateRtcTradingMemberReqMsg fetching data (EDAL) 2022-06-28 17:07:59:938::10320	::General::CdUpdateRtcTradingMemberReqMsg fetched 0 records in 2605ms 2022-06-28 17:07:59:938::10320	::General::CdUpdateRtcTradingMemberBranchReqMsg fetching data (EDAL) 2022-06-28 17:08:02:004::10320	::General::CdUpdateRtcTradingMemberBranchReqMsg fetched 0 records in 2068ms 2022-06-28 17:08:02:004::10320	::General::CdEnableDisableRtcMemberReqMsg fetching data (EDAL) 2022-06-28 17:08:03:889::10320	::General::CdEnableDisableRtcMemberReqMsg fetched 0 records in 1880ms 2022-06-28 17:08:07:023::10320	::General::CdAddCashAccountReqMsg fetching data (EDAL) 2022-06-28 17:08:07:023::10320	::General::CdAddCashAccountReqMsg fetched 0 records in 1ms 2022-06-28 17:08:07:023::10320	::General::CdUpdateCashAccountReqMsg fetching data (EDAL) 2022-06-28 17:08:07:023::10320	::General::CdUpdateCashAccountReqMsg fetched 0 records in 0ms 2022-06-28 17:08:07:023::10320	::General::CdRemoveCashAccountReqMsg fetching data (EDAL) 2022-06-28 17:08:07:023::10320	::General::CdRemoveCashAccountReqMsg fetched 0 records in 0ms 2022-06-28 17:08:20:762::10320	::General::CdAddClearingMemberLinkReqMsg fetching data (EDAL) 2022-06-28 17:08:20:762::10320	::General::CdAddClearingMemberLinkReqMsg fetched 0 records in 0ms 2022-06-28 17:08:20:762::10320	::General::CdRemoveClearingMemberLinkReqMsg fetching data (EDAL) 2022-06-28 17:08:20:762::10320	::General::CdRemoveClearingMemberLinkReqMsg fetched 0 records in 0ms 2022-06-28 17:08:20:762::10320	::General::SetCashCollateralInterestReqMsg fetching data (EDAL) 2022-06-28 17:08:20:873::10320	::General::SetCashCollateralInterestReq fetched 1 records in 109ms 2022-06-28 17:08:20:873::10320	::General::SetCashCollateralInterestReq submitting 1 messages. 2022-06-28 17:08:20:873::10320	::General::opening file: EOD-SetCashCollateralInterestReqMsg.xml 2022-06-28 17:08:21:322::10320	::General::SetCashCollateralInterestReq completed 1 responses. 2022-06-28 17:08:22:068::10320	::General::CdAddTradingUserMessageReqMsg fetching data (EDAL) 2022-06-28 17:08:22:068::10320	::General::CdAddTradingUserMessageReqMsg fetched 0 records in 0ms 2022-06-28 17:08:22:068::10320	::General::CdUpdateTradingUserMessageReqMsg fetching data (EDAL) 2022-06-28 17:08:22:068::10320	::General::CdUpdateTradingUserMessageReqMsg fetched 0 records in 0ms 2022-06-28 17:08:26:377::10320	::General::CdAddTripartiteAgreementReqMsg fetching data (EDAL) 2022-06-28 17:08:26:377::10320	::General::CdAddTripartiteAgreementReqMsg fetched 0 records in 0ms 2022-06-28 17:08:26:377::10320	::General::CdUpdateTripartiteAgreementReqMsg fetching data (EDAL) 2022-06-28 17:08:26:377::10320	::General::CdUpdateTripartiteAgreementReqMsg fetched 0 records in 0ms 2022-06-28 17:08:26:377::10320	::General::common data upload [POSTUPLOAD] complete. Status :: FailedContinue :: POSTUPLOAD Logical Date :: 2022-06-28 2022-06-28 17:08:26:377::10320	::General::common data upload [POSTUPLOAD] complete. Status :: FailedContinue . Reason: The following uploads failed: InstrumentRspMsg with sequence number / id 31315 :: Status :: 52064 => There is already a tradable instrument with the same tradableInstrumentId 24252 InstrumentRspMsg with sequence number / id 31315 :: Status :: 52064 => There is already a tradable instrument with the same tradableInstrumentId 27891 InstrumentRspMsg with sequence number / id 31315 :: Status :: 52064 => There is already a tradable instrument with the same tradableInstrumentId 27892 . Job Object statistics ==================== Total User CPU Time: 1.438 second Total Kernel CPU Time: 0.375 second This Period Total User CPU Time: 1.438 second This Period Total Kernel CPU Time: 0.375 second Total Page Fault Count: 39152 Total Processes: 3 Active Processes: 0 Total Terminated Processes: 0 Total peak job memory used: 37.134 mega bytes"
"EI Trading Batch","PreEOD Batch","PreEOD_Trading_Upload_Alert",28 Jun 2022 00:00:00,28 Jun 2022 17:08:08,28 Jun 2022 17:09:31,1.383333333333333,"","",,,,1,""
"MIT","JSE_EXCHANGE","INTRADAY_DOWNLOAD_CLEAN",28 Jun 2022 00:00:00,28 Jun 2022 17:09:31,28 Jun 2022 17:09:40,0.15,"","",,,,1,""
"EI Trading Batch","PreEOD Batch","PreEOD_Trading_Upload",28 Jun 2022 00:00:00,28 Jun 2022 17:09:41,28 Jun 2022 17:10:48,1.116666666666667,"","",,,,1,""
"MIT","JSE_EXCHANGE","PENDING_CHANGE_FAILURES",28 Jun 2022 00:00:00,28 Jun 2022 17:10:49,28 Jun 2022 17:10:51,0.033333333333333,"","",,,,1,""
"MIT","JSE_EXCHANGE","0130_EXC_PROD_SHUTDOWN",28 Jun 2022 00:00:00,28 Jun 2022 17:10:52,28 Jun 2022 17:10:54,0.033333333333333,"","",,,,1,""
"MIT","JSE_EXCHANGE","0140_EXC_START_REF_DATA_UPLOAD",28 Jun 2022 00:00:00,28 Jun 2022 17:11:04,28 Jun 2022 17:11:07,0.05,"","",,,,1,""
"MIT","JSE_EXCHANGE","REF_DATA_UPLOAD_CHECK",28 Jun 2022 00:00:00,28 Jun 2022 17:12:14,28 Jun 2022 17:12:35,0.35,"Forced OK","SET TO OK REQUEST SUBMITTED BY USER Nomvelo",,28 Jun 2022 17:26:19,,1,""
"EI Clearing Batch","EOD Batch","CIS_MemberLinks_Continue",28 Jun 2022 00:00:00,28 Jun 2022 17:22:10,28 Jun 2022 17:22:17,0.116666666666667,"","",,,,1,""
"RTDSBatch","Deriv_Stats","STA_SARB_Reports",28 Jun 2022 00:00:00,28 Jun 2022 17:22:18,28 Jun 2022 17:22:39,0.35,"","",,,,1,""
"EI Clearing Batch","EOD Batch","CIS_Instruments_Continue",28 Jun 2022 00:00:00,28 Jun 2022 17:22:19,28 Jun 2022 17:22:23,0.066666666666667,"","",,,,1,""
"EI Clearing Batch","EOD Batch","CIS_CorpActions_Continue",28 Jun 2022 00:00:00,28 Jun 2022 17:22:24,28 Jun 2022 17:22:29,0.083333333333333,"","",,,,1,""
"EI Clearing Batch","EOD Batch","CIS_SubscriptionGroup_Check",28 Jun 2022 00:00:00,28 Jun 2022 17:22:30,28 Jun 2022 17:22:38,0.133333333333333,"","",,,,1,""
"EI Clearing Batch","EOD Batch","CIS_Recon_AccountPositionEvents",28 Jun 2022 00:00:00,28 Jun 2022 17:22:39,28 Jun 2022 17:22:52,0.216666666666667,"","",,,,1,""
"EI Clearing Batch","EOD Batch","PostEOD_Clearing_Download",28 Jun 2022 00:00:00,28 Jun 2022 17:22:52,28 Jun 2022 17:23:04,0.2,"","",,,,1,""
"EI Clearing Batch","EOD Batch","PostEOD_Clearing_Alignment",28 Jun 2022 00:00:00,28 Jun 2022 17:23:05,28 Jun 2022 17:23:58,0.883333333333333,"Forced OK","SET TO OK REQUEST SUBMITTED BY USER Nomvelo",,28 Jun 2022 17:25:05,,1,"#@#@#@#@#@#"C:\Program Files\JSE\Jse.Ei.Batch.CommonDataAlignment\Jse.Ei.Batch.CommonDataAlignment.exe" /bc /bj EOD 2022-06-28 17:23:07:436::10220	::General::executing data alignment batch :: 2022-06-28 :: EOD 2022-06-28 17:23:08:520::10220	::General::Performing Data Alignment... CalendarDate 2022-06-28 17:23:08:768::10220	::General::Performing Data Alignment... Currency 2022-06-28 17:23:09:047::10220	::General::Performing Data Alignment... Country 2022-06-28 17:23:09:269::10220	::General::Performing Data Alignment... SeriesSpreadGroup 2022-06-28 17:23:09:649::10220	::General::Performing Data Alignment... ClassSpreadGroup 2022-06-28 17:23:10:340::10220	::General::Performing Data Alignment... ForwardRateAgreement 2022-06-28 17:23:10:868::10220	::General::Performing Data Alignment... Deposit 2022-06-28 17:23:11:415::10220	::General::Performing Data Alignment... InterestRateSwap 2022-06-28 17:23:12:107::10220	::General::Performing Data Alignment... Curve 2022-06-28 17:23:12:650::10220	::General::Performing Data Alignment... Surface 2022-06-28 17:23:25:469::10220	::General::Performing Data Alignment... Spot TradableInstrument 2022-06-28 17:23:25:570::10220	::General::Performing Data Alignment... Future TradableInstrument 2022-06-28 17:23:25:570::10220	::General::Performing Data Alignment... Option TradableInstrument 2022-06-28 17:23:25:570::10220	::General::Performing Data Alignment... CFD TradableInstrument 2022-06-28 17:23:27:861::10220	::General::Performing Data Alignment... Bond TradableInstrument 2022-06-28 17:23:30:705::10220	::General::Performing Data Alignment... CorporateAction 2022-06-28 17:23:34:916::10220	::General::Performing Data Alignment... Clearing Member 2022-06-28 17:23:34:916::10220	::General::Performing Data Alignment... Trading Member 2022-06-28 17:23:34:916::10220	::General::Performing Data Alignment... Trading Member Branch Member 2022-06-28 17:23:35:839::10220	::General::Performing Data Alignment... MemberClient 2022-06-28 17:23:47:801::10220	::General::Performing Data Alignment... ClearingMemberLink 2022-06-28 17:23:51:538::10220	::General::Performing Data Alignment... CashAccount 2022-06-28 17:23:55:682::10220	::General::Performing Data Alignment... TripartiteAgreement 2022-06-28 17:23:56:351::10220	::General::Performing Data Alignment... TradingUserMessage 2022-06-28 17:23:57:972::10220	::General::Performing Data Alignment... PositionAccount 2022-06-28 17:23:58:036::10220	::General::CRITICAL ALERT: Data alignment and validation failure. 2022-06-28 17:23:58:036::10220	::General::alignment batch complete :: 2022-06-28 :: status Failed Job Object statistics ==================== Total User CPU Time: 0.859 second Total Kernel CPU Time: 0.375 second This Period Total User CPU Time: 0.859 second This Period Total Kernel CPU Time: 0.375 second Total Page Fault Count: 33765 Total Processes: 3 Active Processes: 0 Total Terminated Processes: 0 Total peak job memory used: 34.103 mega bytes"
"EI Clearing Batch","EOD Batch","CIS_Stop_Services",28 Jun 2022 00:00:00,28 Jun 2022 17:25:05,28 Jun 2022 17:25:18,0.216666666666667,"","",,,,1,""
"BondETP","BondETP","BondETPMessageReconciliation",28 Jun 2022 00:00:00,28 Jun 2022 17:26:09,28 Jun 2022 17:26:15,0.1,"Forced OK","SET TO OK REQUEST SUBMITTED BY USER Nomvelo",,28 Jun 2022 17:26:32,,1,"#@#@#@#@#@#"C:\Program Files\JSE\Jse.Ei.Batch.BondTrading\Jse.Ei.Batch.BondTrading.exe" /bc /bj MessageReconciliation 2022-06-28 17:26:15:601::1256	::All::Executing Job MessageReconciliation 2022-06-28 17:26:15:807::1256	::All::MTS Reconciliation Feed 2 at 2022-06-28 Has No Messages 2022-06-28 17:26:15:807::1256	::All::Batch Status :: Failed Job Object statistics ==================== Total User CPU Time: 0.594 second Total Kernel CPU Time: 0.266 second This Period Total User CPU Time: 0.594 second This Period Total Kernel CPU Time: 0.266 second Total Page Fault Count: 29593 Total Processes: 3 Active Processes: 0 Total Terminated Processes: 0 Total peak job memory used: 30.659 mega bytes"
"MIT","JSE_EXCHANGE","Check_DefaultOrderBook_Late",28 Jun 2022 00:00:00,28 Jun 2022 17:26:19,28 Jun 2022 17:26:21,0.033333333333333,"","",,,,1,""
"MIT","JSE_EXCHANGE","EVEN_UPLOAD_CLEAN",28 Jun 2022 00:00:00,28 Jun 2022 17:26:22,28 Jun 2022 17:26:30,0.133333333333333,"","",,,,1,""
"MIT","JSE_EXCHANGE","0150_EXC_EVEN_START_REF_DATA_DOWNLOAD",28 Jun 2022 00:00:00,28 Jun 2022 17:26:30,28 Jun 2022 17:26:32,0.033333333333333,"","",,,,1,""
"BondETP","BondETP","BondETPEndOfDayReconciliation",28 Jun 2022 00:00:00,28 Jun 2022 17:26:47,28 Jun 2022 17:26:49,0.033333333333333,"Forced OK","SET TO OK REQUEST SUBMITTED BY USER Nomvelo",,28 Jun 2022 17:27:00,,1,"#@#@#@#@#@#"C:\Program Files\JSE\Jse.Ei.Batch.BondTrading\Jse.Ei.Batch.BondTrading.exe" /bc /bj EndOfDayReconciliation 2022-06-28 17:26:49:857::3152	::All::Executing Job EndOfDayReconciliation 2022-06-28 17:26:49:884::3152	::All::MTS Reconciliation on 2022-06-28 - No EOD Trade file found; please contact BizTalk support personnel. 2022-06-28 17:26:49:884::3152	::All::Completed Job EndOfDayReconciliation :: Status Failed Job Object statistics ==================== Total User CPU Time: 0.469 second Total Kernel CPU Time: 0.250 second This Period Total User CPU Time: 0.469 second This Period Total Kernel CPU Time: 0.250 second Total Page Fault Count: 28767 Total Processes: 3 Active Processes: 0 Total Terminated Processes: 0 Total peak job memory used: 29.954 mega bytes"
"CBSBatch","EODBatch","Billing_InputBatch_BondETP",28 Jun 2022 00:00:00,28 Jun 2022 17:27:00,28 Jun 2022 17:27:25,0.416666666666667,"","",,,,1,""
"CBSBatch","EODBatch","Billing_InputBatch_Recurring_Frequency",28 Jun 2022 00:00:00,28 Jun 2022 17:27:26,28 Jun 2022 17:28:44,1.3,"","",,,,1,""
"EI Trading Batch","EOD Batch","EOD_Trading_Download",28 Jun 2022 00:00:00,28 Jun 2022 17:28:09,28 Jun 2022 17:29:23,1.233333333333333,"","",,,,1,""
"CBSBatch","EODBatch","Billing_InputBatch_ECS",28 Jun 2022 00:00:00,28 Jun 2022 17:28:45,28 Jun 2022 17:28:54,0.15,"","",,,,1,""
"CBSBatch","EODBatch","Billing_InputBatch_SWIFT",28 Jun 2022 00:00:00,28 Jun 2022 17:28:55,28 Jun 2022 17:29:07,0.2,"","",,,,1,""
"EI Trading Batch","EOD Batch","EOD_Trading_Alignment",28 Jun 2022 00:00:00,28 Jun 2022 17:29:24,28 Jun 2022 17:32:01,2.616666666666667,"Forced OK","SET TO OK REQUEST SUBMITTED BY USER Nomvelo",,28 Jun 2022 17:48:44,,1,"#@#@#@#@#@#"C:\Program Files\JSE\Jse.Ei.Tis.Batch.MasterDataAlignment\Jse.Ei.Tis.Batch.MasterDataAlignment.exe" /bc /bj MasterDataAlignmentEOD MasterDataAlignmentEOD Started. Logical Date: 2022-06-28 Validating Corporate Action Indicator Entries Validating Corporate Action Indicators Validating Ex Markers Validating Firms Validating Firm Nodes Validating Firm Users Validating Index Gateways Validating Index Gateway Entries Validating Indices Validating Instrument Equities Validation Instrument Futures Validation Instrument Forward Forward Validation Instrument Inverse Calendar Spread Validation Instrument Options Validation Instrument Underlying Validating Instrument Put Delta Option Validating Instrument Call Delta Option Validation User Parameters Validation OrderBookNormal Validation OrderBookOffBook Validation OrderBookPrivateRFQ Validation OrderBookFXAuction Generating Exception Report MasterDataAlignmentEOD Failed. Job Object statistics ==================== Total User CPU Time: 76.516 second Total Kernel CPU Time: 0.625 second This Period Total User CPU Time: 76.516 second This Period Total Kernel CPU Time: 0.625 second Total Page Fault Count: 130388 Total Processes: 3 Active Processes: 0 Total Terminated Processes: 0 Total peak job memory used: 184.689 mega bytes"
"EI Trading Batch","EOD Batch","EOD_MM_Client_Reference_Data_Files",28 Jun 2022 00:00:00,28 Jun 2022 17:48:44,28 Jun 2022 17:49:53,1.15,"","",,,,1,""
"Surveillance","Surveillance","MITUploads_Surv_Ref_Data",28 Jun 2022 00:00:00,28 Jun 2022 17:48:44,28 Jun 2022 17:48:51,0.116666666666667,"","",,,,1,""
"MIT","JSE_SURV","0120_SURV_JSE_REF_DATA_UPLOAD",28 Jun 2022 00:00:00,28 Jun 2022 17:48:54,28 Jun 2022 17:48:56,0.033333333333333,"","",,,,1,""
"CBSBatch","EODBatch","Billing_InputBatch_BondsAnnualListing",28 Jun 2022 00:00:00,28 Jun 2022 17:49:06,28 Jun 2022 17:50:15,1.15,"","",,,,1,""
"RTDSBatch","Deriv_Stats","IDS_430PMBonds_Sync_Trigger",28 Jun 2022 00:00:00,28 Jun 2022 17:49:06,28 Jun 2022 17:49:12,0.1,"","",,,,1,""
"MIT","JSE_EXCHANGE","0160_EXC_GENERATE_SOD_FILE",28 Jun 2022 00:00:00,28 Jun 2022 17:49:55,28 Jun 2022 17:49:57,0.033333333333333,"","",,,,1,""
"CBSBatch","EODBatch","Billing_InputBatch_ClearInsights",28 Jun 2022 00:00:00,28 Jun 2022 17:50:16,28 Jun 2022 17:50:26,0.166666666666667,"","",,,,1,""
"CBSBatch","EODBatch","Billing_InputBatch_Webstir",28 Jun 2022 00:00:00,28 Jun 2022 17:50:27,28 Jun 2022 17:50:57,0.5,"","",,,,1,""
"CBSBatch","EODBatch","Summary_Billing_Web",28 Jun 2022 00:00:00,28 Jun 2022 17:50:58,28 Jun 2022 17:51:57,0.983333333333333,"","",,,,1,""
"CBSBatch","EODBatch","Output_Batch_Invoicing_JSE_Clear",28 Jun 2022 00:00:00,28 Jun 2022 17:51:58,28 Jun 2022 17:52:23,0.416666666666667,"","",,,,1,""
"CBSBatch","EODBatch","Output_Batch_Invoicing_JSE",28 Jun 2022 00:00:00,28 Jun 2022 17:52:24,28 Jun 2022 17:53:00,0.6,"","",,,,1,""
"MIT","JSE_EXCHANGE","0170_EXC_BACKEND_SHUTDOWN",28 Jun 2022 00:00:00,28 Jun 2022 17:52:32,28 Jun 2022 17:54:29,1.95,"","",,,,1,""
"CBSBatch","EODBatch","Output_Batch_Reconciliation_EQ",28 Jun 2022 00:00:00,28 Jun 2022 17:53:01,28 Jun 2022 17:57:24,4.383333333333333,"","",,,,1,""
"MIT","JSE_EXCHANGE","0180_EXC_COLLECT_FILES",28 Jun 2022 00:00:00,28 Jun 2022 17:54:30,28 Jun 2022 18:05:07,10.616666666666667,"","",,,,1,""
"CBSBatch","EODBatch","Archive_Batch",28 Jun 2022 00:00:00,28 Jun 2022 17:57:25,28 Jun 2022 17:57:32,0.116666666666667,"","",,,,1,""
"RTDSBatch","SMS","LSMS",28 Jun 2022 00:00:00,28 Jun 2022 17:57:40,28 Jun 2022 17:57:45,0.083333333333333,"","",,,,1,""
"RTDSBatch","SMS","SMS",28 Jun 2022 00:00:00,28 Jun 2022 17:57:42,28 Jun 2022 17:57:45,0.05,"","",,,,1,""
"Reports","EOD","MoneyMarketISINWebFTP",28 Jun 2022 00:00:00,28 Jun 2022 17:58:10,28 Jun 2022 17:58:32,0.366666666666667,"","",,,,1,""
"MIT","JSE_EXCHANGE","0190_EXC_CLEAN_FILES",28 Jun 2022 00:00:00,28 Jun 2022 18:05:07,28 Jun 2022 18:07:05,1.966666666666667,"","",,,,1,""
"MIT","JSE_EXCHANGE","RESET_EVT_EXE_COUNT",28 Jun 2022 00:00:00,28 Jun 2022 18:07:05,28 Jun 2022 18:07:07,0.033333333333333,"","",,,,1,""
"MIT","JSE_SURV","RESET_EVT_EXE_COUNT",28 Jun 2022 00:00:00,28 Jun 2022 18:07:05,28 Jun 2022 18:07:07,0.033333333333333,"","",,,,1,""
"MIT","NSX_SURV","RESET_EVT_EXE_COUNT",28 Jun 2022 00:00:00,28 Jun 2022 18:07:05,28 Jun 2022 18:07:07,0.033333333333333,"","",,,,1,""
"MIT","JSE_EXCHANGE","WrapperBatch",28 Jun 2022 00:00:00,28 Jun 2022 18:07:08,28 Jun 2022 18:07:10,0.033333333333333,"","",,,,1,""
"MIT","JSE_EXCHANGE","JSE_GEN_MONTHLY_STATS",28 Jun 2022 00:00:00,28 Jun 2022 18:20:00,28 Jun 2022 18:20:07,0.116666666666667,"","",,,,1,""
"MIT","JSE_SURV","SURV_JSE_REF_DATA_UPLOAD_COMPLETE",28 Jun 2022 00:00:00,28 Jun 2022 18:36:14,28 Jun 2022 18:36:15,0.016666666666667,"","",,,,1,""
"MIT","JSE_SURV","0140_SURV_JSE_BACKEND_SHUTDOWN",28 Jun 2022 00:00:00,28 Jun 2022 18:36:16,28 Jun 2022 18:37:32,1.266666666666667,"","",,,,1,""
"MIT","JSE_SURV","0150_SURV_JSE_COLLECT_FILES",28 Jun 2022 00:00:00,28 Jun 2022 18:37:33,28 Jun 2022 18:51:22,13.816666666666666,"","",,,,1,""
"MIT","JSE_SURV","0160_SURV_JSE_CLEAN_SYSTEM",28 Jun 2022 00:00:00,28 Jun 2022 18:51:23,28 Jun 2022 18:52:40,1.283333333333333,"","",,,,1,""
"MIT","JSE_EXCHANGE","RESET_EVT_EXE_COUNT",28 Jun 2022 00:00:00,28 Jun 2022 18:52:41,28 Jun 2022 18:52:43,0.033333333333333,"","",,,,1,""
"MIT","JSE_SURV","RESET_EVT_EXE_COUNT",28 Jun 2022 00:00:00,28 Jun 2022 18:52:41,28 Jun 2022 18:52:43,0.033333333333333,"","",,,,1,""
"MIT","NSX_SURV","RESET_EVT_EXE_COUNT",28 Jun 2022 00:00:00,28 Jun 2022 18:52:41,28 Jun 2022 18:52:43,0.033333333333333,"","",,,,1,""
"MIT","JSE_SURV","WrapperBatch_JSES",28 Jun 2022 00:00:00,28 Jun 2022 18:52:44,28 Jun 2022 18:52:46,0.033333333333333,"","",,,,1,""
"BondETP","BondETP","StopBondETPServices",28 Jun 2022 00:00:00,28 Jun 2022 19:00:00,28 Jun 2022 19:00:09,0.15,"","",,,,1,""
"CBSBatch","EODBatch","OutputBatch_Invoicing_BDA",28 Jun 2022 00:00:00,28 Jun 2022 20:15:00,28 Jun 2022 20:15:28,0.466666666666667,"","",,,,1,""
"MIT","JSE_EXCHANGE","GET_ERR_FILES_FROM_UPLOAD",28 Jun 2022 00:00:00,28 Jun 2022 20:30:00,28 Jun 2022 20:30:06,0.1,"Forced OK","SET TO OK REQUEST SUBMITTED BY USER Nomvelo",,28 Jun 2022 20:57:10,,1,""
"RTC_1B","RTC_1B","RTC_proc_ipt_mon_stop",28 Jun 2022 00:00:00,28 Jun 2022 22:20:00,28 Jun 2022 22:20:01,0.016666666666667,"","",,,,1,""
"RTC_1B","RTC_1B","0050_RTC_SYSTEM_STOP_1B",28 Jun 2022 00:00:00,28 Jun 2022 22:20:02,28 Jun 2022 22:35:07,15.083333333333332,"","",,,,1,""
"EI Clearing Batch","EOD Batch","CIS_Clear_Logs_MSMQ",28 Jun 2022 00:00:00,28 Jun 2022 22:35:08,28 Jun 2022 22:35:20,0.2,"","",,,,1,""
"RTC_1B","RTC_1B","Daily_backup_RTC",28 Jun 2022 00:00:00,28 Jun 2022 22:35:08,28 Jun 2022 22:45:04,9.933333333333334,"","",,,,1,""
"RTC_1B","RTC_1B","0090_RTC_LOG_CLEANUP_1B",28 Jun 2022 00:00:00,28 Jun 2022 22:45:05,28 Jun 2022 22:45:28,0.383333333333333,"","",,,,1,""
"RTC_1B","RTC_1B","0100_RTC_WRAPPERBATCH_1B",28 Jun 2022 00:00:00,28 Jun 2022 22:45:29,28 Jun 2022 23:05:47,20.3,"","",,,,1,""
"RDSBatch","EODBatch","Set_XIS_History_Read_Write",28 Jun 2022 00:00:00,28 Jun 2022 23:00:00,28 Jun 2022 23:00:21,0.35,"","",,,,1,""
"RDSBatch","IDS","IDS_Archive",28 Jun 2022 00:00:00,28 Jun 2022 23:00:00,28 Jun 2022 23:00:18,0.3,"","",,,,1,""
"RDSBatch","EODBatch","Move_XIS_to_XIS_History",28 Jun 2022 00:00:00,28 Jun 2022 23:00:22,28 Jun 2022 23:00:35,0.216666666666667,"","",,,,1,""
"RDSBatch","EODBatch","ReCreate_XIS_History_Views_on_XIS",28 Jun 2022 00:00:00,28 Jun 2022 23:00:35,28 Jun 2022 23:03:14,2.65,"","",,,,1,""
"Weekend","Weekend","ReCreate_XIS_History_Views_on_XIS",28 Jun 2022 00:00:00,28 Jun 2022 23:00:35,28 Jun 2022 23:03:14,2.65,"","",,,,1,""
"RDSBatch","EODBatch","LogicalBusinessDayRollover",28 Jun 2022 00:00:00,28 Jun 2022 23:03:15,28 Jun 2022 23:03:24,0.15,"","",,,,1,""
"RDSBatch","EODBatch","Set_XIS_History_Read_Only",28 Jun 2022 00:00:00,28 Jun 2022 23:03:25,28 Jun 2022 23:03:32,0.116666666666667,"","",,,,1,""
"Surveillance","Surveillance","SaturnBatch_Capad",29 Jun 2022 00:00:00,29 Jun 2022 03:00:00,29 Jun 2022 03:00:04,0.066666666666667,"","",,,,1,""
"Surveillance","Surveillance","SaturnBatch_MktSurv",29 Jun 2022 00:00:00,29 Jun 2022 03:00:07,29 Jun 2022 03:00:07,0.0,"","",,,,1,""
