[{"action":2,"internalid":"3901277868880002","parentinternalid":"GENERIC_SYMB","tradableinstrumentid":"27891","tradableinstrumentidtype":"ISIN","currencyid":"ZAR","shortname":"R213 BOND","marketid":"BONDS","marketlistid":"BONDS","segmentid":"BOND","validfromdate":"2010-05-28","validtodate":"2022-07-15","contractsize":1,"settlementcycle":"3","contractcode":"R213","contractcategory":"BOND","contractdescription":"R213 BOND","instrumenttype":"BO","alphacode":"R213","isin":"ZAG000077470","valuationmodeltype":"MARK_TO_MARKET","istradable":false,"maturitydate":"2022-07-15","daycountconvention":"ACTUAL_365","businessdayconvention":"FOLL_GOOD","rtccalendarid":"ZA","couponrate":70000.0000000000000000,"listingdate":"2010-05-28","couponfrequencyperiod":2,"couponindicator":"FIXED","coupondates":"0228,0831","bookclosingdates":"0218,0821","priceformat":6,"instrumentsubtype":"BOND","assetclass":"FIXED_INCOME","assetsubclass":"NOMINAL_INTEREST_RATE","interestcommencementdate":"2010-08-31","inwardlisted":false,"anyday":false,"nominal":100000000.0000000000,"redemptionfraction":1000000.0000000000,"compoundingconventionofyield":"NACS","compoundingconventionofcouponrate":"NACS","exchange":"JSE","country":"ZA","difference":"validtodate [2031-02-28], maturitydate [2031-02-28], ","successfuldownload":true,"p_uploaddate":"2022-06-14T12:00:00","p_batchtype":"POSTUPLOAD","p_isdelta":true,"p_align":false,"IntegrationKey":"27891","CreatedDateTime":"2022-07-23T00:00:00Z","CreatedTime":"10675199.02:48:05.4775807","BusinessKey":{"BusinessDate":"2022-06-14T00:00:00","NextBusinessDate":"0001-01-01T00:00:00","MessagePath":null,"UseCompoundedBusinessKey":false,"SwitchToChildRecords":false,"CreatedTime":"10675199.02:48:05.4775807","TimeFramed":false,"BusinessKey":"{\r\n  \"Key\": \"tradableinstrumentid\",\r\n  \"Value\": 27891\r\n}","RelationshipKey":null,"GivenProperty":null,"CompoundedBusinessKey":"{\r\n  \"p_uploaddate\": \"2022-06-14T12:00:00\",\r\n  \"p_batchtype\": \"POSTUPLOAD\",\r\n  \"p_isdelta\": true\r\n}"}},{"action":2,"internalid":"3901277874270002","parentinternalid":"GENERIC_SYMB","tradableinstrumentid":"24252","tradableinstrumentidtype":"ISIN","currencyid":"ZAR","shortname":"R209 BOND","marketid":"BONDS","marketlistid":"BONDS","segmentid":"BOND","validfromdate":"2006-07-21","validtodate":"2022-07-15","contractsize":1,"settlementcycle":"3","contractcode":"R209","contractcategory":"BOND","contractdescription":"R209 BOND","instrumenttype":"BO","alphacode":"R209","isin":"ZAG000030404","valuationmodeltype":"MARK_TO_MARKET","istradable":false,"maturitydate":"2022-07-15","daycountconvention":"ACTUAL_365","businessdayconvention":"FOLL_GOOD","rtccalendarid":"ZA","couponrate":62500.00000000000000000,"listingdate":"2006-07-21","couponfrequencyperiod":2,"couponindicator":"FIXED","coupondates":"0331,0930","bookclosingdates":"0321,0920","priceformat":6,"instrumentsubtype":"BOND","assetclass":"FIXED_INCOME","assetsubclass":"NOMINAL_INTEREST_RATE","interestcommencementdate":"2006-09-30","inwardlisted":false,"anyday":false,"nominal":100000000.0000000000,"redemptionfraction":1000000.0000000000,"compoundingconventionofyield":"NACS","compoundingconventionofcouponrate":"NACS","exchange":"JSE","country":"ZA","difference":"validtodate [2036-03-31], maturitydate [2036-03-31], ","successfuldownload":true,"p_uploaddate":"2022-06-14T12:00:00","p_batchtype":"POSTUPLOAD","p_isdelta":true,"p_align":false,"IntegrationKey":"24252","CreatedDateTime":"2022-07-23T00:00:00Z","CreatedTime":"10675199.02:48:05.4775807","BusinessKey":{"BusinessDate":"2022-06-14T00:00:00","NextBusinessDate":"0001-01-01T00:00:00","MessagePath":null,"UseCompoundedBusinessKey":false,"SwitchToChildRecords":false,"CreatedTime":"10675199.02:48:05.4775807","TimeFramed":false,"BusinessKey":"{\r\n  \"Key\": \"tradableinstrumentid\",\r\n  \"Value\": 24252\r\n}","RelationshipKey":null,"GivenProperty":null,"CompoundedBusinessKey":"{\r\n  \"p_uploaddate\": \"2022-06-14T12:00:00\",\r\n  \"p_batchtype\": \"POSTUPLOAD\",\r\n  \"p_isdelta\": true\r\n}"}},{"action":1,"internalid":null,"parentinternalid":"GENERIC_SYMB","tradableinstrumentid":"200003675","tradableinstrumentidtype":"ISIN","currencyid":"ZAR","shortname":"R098 BOND","marketid":"BONDS","marketlistid":"BONDS","segmentid":"BOND","validfromdate":"2022-06-10","validtodate":"2032-11-10","contractsize":1,"settlementcycle":"3","contractcode":"R098","contractcategory":"BOND","contractdescription":"R098 BOND","instrumenttype":"BO","alphacode":"R098","isin":"ZAG991733578","valuationmodeltype":"MARK_TO_MARKET","istradable":false,"maturitydate":"2032-11-10","daycountconvention":"ACTUAL_365","businessdayconvention":"FOLL_GOOD","rtccalendarid":"ZA","couponrate":1000.0000000000000000,"listingdate":"2022-06-10","couponfrequencyperiod":2,"couponindicator":"FIXED","coupondates":"0510,1110","bookclosingdates":"0505,1105","priceformat":6,"instrumentsubtype":"BOND","assetclass":"FIXED_INCOME","assetsubclass":"NOMINAL_INTEREST_RATE","interestcommencementdate":"2022-11-10","inwardlisted":false,"anyday":false,"nominal":100000000.0000000000,"redemptionfraction":1000000.0000000000,"compoundingconventionofyield":"NACS","compoundingconventionofcouponrate":"NACS","exchange":"JSE","country":"ZA","difference":"Not in RTC","successfuldownload":true,"p_uploaddate":"2022-06-14T12:00:00","p_batchtype":"POSTUPLOAD","p_isdelta":true,"p_align":false,"IntegrationKey":"200003675","CreatedDateTime":"2022-07-23T00:00:00Z","CreatedTime":"10675199.02:48:05.4775807","BusinessKey":{"BusinessDate":"2022-06-14T00:00:00","NextBusinessDate":"0001-01-01T00:00:00","MessagePath":null,"UseCompoundedBusinessKey":false,"SwitchToChildRecords":false,"CreatedTime":"10675199.02:48:05.4775807","TimeFramed":false,"BusinessKey":"{\r\n  \"Key\": \"tradableinstrumentid\",\r\n  \"Value\": 200003675\r\n}","RelationshipKey":null,"GivenProperty":null,"CompoundedBusinessKey":"{\r\n  \"p_uploaddate\": \"2022-06-14T12:00:00\",\r\n  \"p_batchtype\": \"POSTUPLOAD\",\r\n  \"p_isdelta\": true\r\n}"}},{"action":1,"internalid":null,"parentinternalid":"GENERIC_SYMB","tradableinstrumentid":"200003676","tradableinstrumentidtype":"ISIN","currencyid":"ZAR","shortname":"R096 BOND","marketid":"BONDS","marketlistid":"BONDS","segmentid":"BOND","validfromdate":"2022-06-10","validtodate":"2026-09-10","contractsize":1,"settlementcycle":"3","contractcode":"R096","contractcategory":"BOND","contractdescription":"R096 BOND","instrumenttype":"BO","alphacode":"R096","isin":"ZAG991733586","valuationmodeltype":"MARK_TO_MARKET","istradable":false,"maturitydate":"2026-09-10","daycountconvention":"ACTUAL_365","businessdayconvention":"FOLL_GOOD","rtccalendarid":"ZA","couponrate":83700.00000000000000000,"listingdate":"2022-06-10","couponfrequencyperiod":4,"couponindicator":"FIXED","coupondates":"0310,0610,0910,1210","bookclosingdates":"0305,0605,0905,1205","priceformat":6,"instrumentsubtype":"BOND","assetclass":"FIXED_INCOME","assetsubclass":"NOMINAL_INTEREST_RATE","interestcommencementdate":"2022-09-10","inwardlisted":false,"anyday":false,"nominal":100000000.0000000000,"redemptionfraction":1000000.0000000000,"compoundingconventionofyield":"NACQ","compoundingconventionofcouponrate":"NACQ","exchange":"JSE","country":"ZA","difference":"Not in RTC","successfuldownload":true,"p_uploaddate":"2022-06-14T12:00:00","p_batchtype":"POSTUPLOAD","p_isdelta":true,"p_align":false,"IntegrationKey":"200003676","CreatedDateTime":"2022-07-23T00:00:00Z","CreatedTime":"10675199.02:48:05.4775807","BusinessKey":{"BusinessDate":"2022-06-14T00:00:00","NextBusinessDate":"0001-01-01T00:00:00","MessagePath":null,"UseCompoundedBusinessKey":false,"SwitchToChildRecords":false,"CreatedTime":"10675199.02:48:05.4775807","TimeFramed":false,"BusinessKey":"{\r\n  \"Key\": \"tradableinstrumentid\",\r\n  \"Value\": 200003676\r\n}","RelationshipKey":null,"GivenProperty":null,"CompoundedBusinessKey":"{\r\n  \"p_uploaddate\": \"2022-06-14T12:00:00\",\r\n  \"p_batchtype\": \"POSTUPLOAD\",\r\n  \"p_isdelta\": true\r\n}"}},{"action":1,"internalid":null,"parentinternalid":"GENERIC_SYMB","tradableinstrumentid":"200003673","tradableinstrumentidtype":"ISIN","currencyid":"ZAR","shortname":"R100 BOND","marketid":"BONDS","marketlistid":"BONDS","segmentid":"BOND","validfromdate":"2022-06-09","validtodate":"2035-11-09","contractsize":1,"settlementcycle":"3","contractcode":"R100","contractcategory":"BOND","contractdescription":"R100 BOND","instrumenttype":"BO","alphacode":"R100","isin":"ZAG991733552","valuationmodeltype":"MARK_TO_MARKET","istradable":false,"maturitydate":"2035-11-09","daycountconvention":"ACTUAL_365","businessdayconvention":"FOLL_GOOD","rtccalendarid":"ZA","couponrate":1000.0000000000000000,"listingdate":"2022-06-09","couponfrequencyperiod":2,"couponindicator":"FIXED","coupondates":"0509,1109","bookclosingdates":"0429,1030","priceformat":6,"instrumentsubtype":"BOND","assetclass":"FIXED_INCOME","assetsubclass":"NOMINAL_INTEREST_RATE","interestcommencementdate":"2022-11-09","inwardlisted":false,"anyday":false,"nominal":100000000.0000000000,"redemptionfraction":1000000.0000000000,"compoundingconventionofyield":"NACS","compoundingconventionofcouponrate":"NACS","exchange":"JSE","country":"ZA","difference":"Not in RTC","successfuldownload":true,"p_uploaddate":"2022-06-14T12:00:00","p_batchtype":"POSTUPLOAD","p_isdelta":true,"p_align":false,"IntegrationKey":"200003673","CreatedDateTime":"2022-07-23T00:00:00Z","CreatedTime":"10675199.02:48:05.4775807","BusinessKey":{"BusinessDate":"2022-06-14T00:00:00","NextBusinessDate":"0001-01-01T00:00:00","MessagePath":null,"UseCompoundedBusinessKey":false,"SwitchToChildRecords":false,"CreatedTime":"10675199.02:48:05.4775807","TimeFramed":false,"BusinessKey":"{\r\n  \"Key\": \"tradableinstrumentid\",\r\n  \"Value\": 200003673\r\n}","RelationshipKey":null,"GivenProperty":null,"CompoundedBusinessKey":"{\r\n  \"p_uploaddate\": \"2022-06-14T12:00:00\",\r\n  \"p_batchtype\": \"POSTUPLOAD\",\r\n  \"p_isdelta\": true\r\n}"}},{"action":1,"internalid":null,"parentinternalid":"GENERIC_SYMB","tradableinstrumentid":"200003674","tradableinstrumentidtype":"ISIN","currencyid":"ZAR","shortname":"R090 BOND","marketid":"BONDS","marketlistid":"BONDS","segmentid":"BOND","validfromdate":"2022-06-10","validtodate":"2038-11-10","contractsize":1,"settlementcycle":"3","contractcode":"R090","contractcategory":"BOND","contractdescription":"R090 BOND","instrumenttype":"BO","alphacode":"R090","isin":"ZAG991733560","valuationmodeltype":"MARK_TO_MARKET","istradable":false,"maturitydate":"2038-11-10","daycountconvention":"ACTUAL_365","businessdayconvention":"FOLL_GOOD","rtccalendarid":"ZA","couponrate":1000.0000000000000000,"listingdate":"2022-06-10","couponfrequencyperiod":2,"couponindicator":"FIXED","coupondates":"0510,1110","bookclosingdates":"0430,1031","priceformat":6,"instrumentsubtype":"BOND","assetclass":"FIXED_INCOME","assetsubclass":"NOMINAL_INTEREST_RATE","interestcommencementdate":"2022-11-10","inwardlisted":false,"anyday":false,"nominal":100000000.0000000000,"redemptionfraction":1000000.0000000000,"compoundingconventionofyield":"NACS","compoundingconventionofcouponrate":"NACS","exchange":"JSE","country":"ZA","difference":"Not in RTC","successfuldownload":true,"p_uploaddate":"2022-06-14T12:00:00","p_batchtype":"POSTUPLOAD","p_isdelta":true,"p_align":false,"IntegrationKey":"200003674","CreatedDateTime":"2022-07-23T00:00:00Z","CreatedTime":"10675199.02:48:05.4775807","BusinessKey":{"BusinessDate":"2022-06-14T00:00:00","NextBusinessDate":"0001-01-01T00:00:00","MessagePath":null,"UseCompoundedBusinessKey":false,"SwitchToChildRecords":false,"CreatedTime":"10675199.02:48:05.4775807","TimeFramed":false,"BusinessKey":"{\r\n  \"Key\": \"tradableinstrumentid\",\r\n  \"Value\": 200003674\r\n}","RelationshipKey":null,"GivenProperty":null,"CompoundedBusinessKey":"{\r\n  \"p_uploaddate\": \"2022-06-14T12:00:00\",\r\n  \"p_batchtype\": \"POSTUPLOAD\",\r\n  \"p_isdelta\": true\r\n}"}},{"action":1,"internalid":null,"parentinternalid":"GENERIC_SYMB","tradableinstrumentid":"200003672","tradableinstrumentidtype":"ISIN","currencyid":"ZAR","shortname":"TESTBO BOND","marketid":"BONDS","marketlistid":"BONDS","segmentid":"BOND","validfromdate":"2022-06-08","validtodate":"2036-11-08","contractsize":1,"settlementcycle":"3","contractcode":"TESTBO","contractcategory":"BOND","contractdescription":"TESTBO BOND","instrumenttype":"BO","alphacode":"TESTBO","isin":"ZAG991733545","valuationmodeltype":"MARK_TO_MARKET","istradable":false,"maturitydate":"2036-11-08","daycountconvention":"ACTUAL_365","businessdayconvention":"FOLL_GOOD","rtccalendarid":"ZA","couponrate":1000.0000000000000000,"listingdate":"2022-06-08","couponfrequencyperiod":2,"couponindicator":"FIXED","coupondates":"0508,1108","bookclosingdates":"0428,1029","priceformat":6,"instrumentsubtype":"BOND","assetclass":"FIXED_INCOME","assetsubclass":"NOMINAL_INTEREST_RATE","interestcommencementdate":"2022-11-08","inwardlisted":false,"anyday":false,"nominal":100000000.0000000000,"redemptionfraction":1000000.0000000000,"compoundingconventionofyield":"NACS","compoundingconventionofcouponrate":"NACS","exchange":"JSE","country":"ZA","difference":"Not in RTC","successfuldownload":true,"p_uploaddate":"2022-06-14T12:00:00","p_batchtype":"POSTUPLOAD","p_isdelta":true,"p_align":false,"IntegrationKey":"200003672","CreatedDateTime":"2022-07-23T00:00:00Z","CreatedTime":"10675199.02:48:05.4775807","BusinessKey":{"BusinessDate":"2022-06-14T00:00:00","NextBusinessDate":"0001-01-01T00:00:00","MessagePath":null,"UseCompoundedBusinessKey":false,"SwitchToChildRecords":false,"CreatedTime":"10675199.02:48:05.4775807","TimeFramed":false,"BusinessKey":"{\r\n  \"Key\": \"tradableinstrumentid\",\r\n  \"Value\": 200003672\r\n}","RelationshipKey":null,"GivenProperty":null,"CompoundedBusinessKey":"{\r\n  \"p_uploaddate\": \"2022-06-14T12:00:00\",\r\n  \"p_batchtype\": \"POSTUPLOAD\",\r\n  \"p_isdelta\": true\r\n}"}},{"action":1,"internalid":null,"parentinternalid":"GENERIC_SYMB","tradableinstrumentid":"200003680","tradableinstrumentidtype":"ISIN","currencyid":"ZAR","shortname":"R030 BOND","marketid":"BONDS","marketlistid":"BONDS","segmentid":"BOND","validfromdate":"2022-06-13","validtodate":"2035-11-13","contractsize":1,"settlementcycle":"3","contractcode":"R030","contractcategory":"BOND","contractdescription":"R030 BOND","instrumenttype":"BO","alphacode":"R030","isin":"ZAG991733628","valuationmodeltype":"MARK_TO_MARKET","istradable":false,"maturitydate":"2035-11-13","daycountconvention":"ACTUAL_365","businessdayconvention":"FOLL_GOOD","rtccalendarid":"ZA","couponrate":1000.0000000000000000,"listingdate":"2022-06-13","couponfrequencyperiod":2,"couponindicator":"FIXED","coupondates":"0513,1113","bookclosingdates":"0503,1103","priceformat":6,"instrumentsubtype":"BOND","assetclass":"FIXED_INCOME","assetsubclass":"NOMINAL_INTEREST_RATE","interestcommencementdate":"2022-11-13","inwardlisted":false,"anyday":false,"nominal":100000000.0000000000,"redemptionfraction":1000000.0000000000,"compoundingconventionofyield":"NACS","compoundingconventionofcouponrate":"NACS","exchange":"JSE","country":"ZA","difference":"Not in RTC","successfuldownload":true,"p_uploaddate":"2022-06-14T12:00:00","p_batchtype":"POSTUPLOAD","p_isdelta":true,"p_align":false,"IntegrationKey":"200003680","CreatedDateTime":"2022-07-23T00:00:00Z","CreatedTime":"10675199.02:48:05.4775807","BusinessKey":{"BusinessDate":"2022-06-14T00:00:00","NextBusinessDate":"0001-01-01T00:00:00","MessagePath":null,"UseCompoundedBusinessKey":false,"SwitchToChildRecords":false,"CreatedTime":"10675199.02:48:05.4775807","TimeFramed":false,"BusinessKey":"{\r\n  \"Key\": \"tradableinstrumentid\",\r\n  \"Value\": 200003680\r\n}","RelationshipKey":null,"GivenProperty":null,"CompoundedBusinessKey":"{\r\n  \"p_uploaddate\": \"2022-06-14T12:00:00\",\r\n  \"p_batchtype\": \"POSTUPLOAD\",\r\n  \"p_isdelta\": true\r\n}"}},{"action":1,"internalid":null,"parentinternalid":"GENERIC_SYMB","tradableinstrumentid":"30879","tradableinstrumentidtype":"ISIN","currencyid":"ZAR","shortname":"R2048 BOND","marketid":"BONDS","marketlistid":"BONDS","segmentid":"BOND","validfromdate":"2012-06-29","validtodate":"2022-07-15","contractsize":1,"settlementcycle":"3","contractcode":"R2048","contractcategory":"BOND","contractdescription":"R2048 BOND","instrumenttype":"BO","alphacode":"R2048","isin":"ZAG000096173","valuationmodeltype":"MARK_TO_MARKET","istradable":false,"maturitydate":"2022-07-15","daycountconvention":"ACTUAL_365","businessdayconvention":"FOLL_GOOD","rtccalendarid":"ZA","couponrate":87500.00000000000000000,"listingdate":"2012-06-29","couponfrequencyperiod":2,"couponindicator":"FIXED","coupondates":"0228,0831","bookclosingdates":"0218,0821","priceformat":6,"instrumentsubtype":"BOND","assetclass":"FIXED_INCOME","assetsubclass":"NOMINAL_INTEREST_RATE","interestcommencementdate":"2012-08-31","inwardlisted":false,"anyday":false,"nominal":100000000.0000000000,"redemptionfraction":1000000.0000000000,"compoundingconventionofyield":"NACS","compoundingconventionofcouponrate":"NACS","exchange":"JSE","country":"ZA","difference":"Not in RTC","successfuldownload":true,"p_uploaddate":"2022-06-14T12:00:00","p_batchtype":"POSTUPLOAD","p_isdelta":true,"p_align":false,"IntegrationKey":"30879","CreatedDateTime":"2022-07-23T00:00:00Z","CreatedTime":"10675199.02:48:05.4775807","BusinessKey":{"BusinessDate":"2022-06-14T00:00:00","NextBusinessDate":"0001-01-01T00:00:00","MessagePath":null,"UseCompoundedBusinessKey":false,"SwitchToChildRecords":false,"CreatedTime":"10675199.02:48:05.4775807","TimeFramed":false,"BusinessKey":"{\r\n  \"Key\": \"tradableinstrumentid\",\r\n  \"Value\": 30879\r\n}","RelationshipKey":null,"GivenProperty":null,"CompoundedBusinessKey":"{\r\n  \"p_uploaddate\": \"2022-06-14T12:00:00\",\r\n  \"p_batchtype\": \"POSTUPLOAD\",\r\n  \"p_isdelta\": true\r\n}"}},{"action":1,"internalid":null,"parentinternalid":"GENERIC_SYMB","tradableinstrumentid":"45430","tradableinstrumentidtype":"ISIN","currencyid":"ZAR","shortname":"R2044 BOND","marketid":"BONDS","marketlistid":"BONDS","segmentid":"BOND","validfromdate":"2014-07-18","validtodate":"2045-01-31","contractsize":1,"settlementcycle":"3","contractcode":"R2044","contractcategory":"BOND","contractdescription":"R2044 BOND","instrumenttype":"BO","alphacode":"R2044","isin":"ZAG000106972","valuationmodeltype":"MARK_TO_MARKET","istradable":false,"maturitydate":"2045-01-31","daycountconvention":"ACTUAL_365","businessdayconvention":"FOLL_GOOD","rtccalendarid":"ZA","couponrate":87500.00000000000000000,"listingdate":"2014-07-18","couponfrequencyperiod":2,"couponindicator":"FIXED","coupondates":"0131,0731","bookclosingdates":"0121,0721","priceformat":6,"instrumentsubtype":"BOND","assetclass":"FIXED_INCOME","assetsubclass":"NOMINAL_INTEREST_RATE","interestcommencementdate":"2014-07-31","inwardlisted":false,"anyday":false,"nominal":100000000.0000000000,"redemptionfraction":1000000.0000000000,"compoundingconventionofyield":"NACS","compoundingconventionofcouponrate":"NACS","exchange":"JSE","country":"ZA","difference":"Not in RTC","successfuldownload":true,"p_uploaddate":"2022-06-14T12:00:00","p_batchtype":"POSTUPLOAD","p_isdelta":true,"p_align":false,"IntegrationKey":"45430","CreatedDateTime":"2022-07-23T00:00:00Z","CreatedTime":"10675199.02:48:05.4775807","BusinessKey":{"BusinessDate":"2022-06-14T00:00:00","NextBusinessDate":"0001-01-01T00:00:00","MessagePath":null,"UseCompoundedBusinessKey":false,"SwitchToChildRecords":false,"CreatedTime":"10675199.02:48:05.4775807","TimeFramed":false,"BusinessKey":"{\r\n  \"Key\": \"tradableinstrumentid\",\r\n  \"Value\": 45430\r\n}","RelationshipKey":null,"GivenProperty":null,"CompoundedBusinessKey":"{\r\n  \"p_uploaddate\": \"2022-06-14T12:00:00\",\r\n  \"p_batchtype\": \"POSTUPLOAD\",\r\n  \"p_isdelta\": true\r\n}"}},{"action":1,"internalid":null,"parentinternalid":"GENERIC_SYMB","tradableinstrumentid":"200003679","tradableinstrumentidtype":"ISIN","currencyid":"ZAR","shortname":"R092 BOND","marketid":"BONDS","marketlistid":"BONDS","segmentid":"BOND","validfromdate":"2022-06-10","validtodate":"2040-11-10","contractsize":1,"settlementcycle":"3","contractcode":"R092","contractcategory":"BOND","contractdescription":"R092 BOND","instrumenttype":"BO","alphacode":"R092","isin":"ZAG991733610","valuationmodeltype":"MARK_TO_MARKET","istradable":false,"maturitydate":"2040-11-10","daycountconvention":"ACTUAL_365","businessdayconvention":"FOLL_GOOD","rtccalendarid":"ZA","couponrate":1000.0000000000000000,"listingdate":"2022-06-10","couponfrequencyperiod":2,"couponindicator":"FIXED","coupondates":"0510,1110","bookclosingdates":"0505,1105","priceformat":6,"instrumentsubtype":"BOND","assetclass":"FIXED_INCOME","assetsubclass":"NOMINAL_INTEREST_RATE","interestcommencementdate":"2022-11-10","inwardlisted":false,"anyday":false,"nominal":100000000.0000000000,"redemptionfraction":1000000.0000000000,"compoundingconventionofyield":"NACS","compoundingconventionofcouponrate":"NACS","exchange":"JSE","country":"ZA","difference":"Not in RTC","successfuldownload":true,"p_uploaddate":"2022-06-14T12:00:00","p_batchtype":"POSTUPLOAD","p_isdelta":true,"p_align":false,"IntegrationKey":"200003679","CreatedDateTime":"2022-07-23T00:00:00Z","CreatedTime":"10675199.02:48:05.4775807","BusinessKey":{"BusinessDate":"2022-06-14T00:00:00","NextBusinessDate":"0001-01-01T00:00:00","MessagePath":null,"UseCompoundedBusinessKey":false,"SwitchToChildRecords":false,"CreatedTime":"10675199.02:48:05.4775807","TimeFramed":false,"BusinessKey":"{\r\n  \"Key\": \"tradableinstrumentid\",\r\n  \"Value\": 200003679\r\n}","RelationshipKey":null,"GivenProperty":null,"CompoundedBusinessKey":"{\r\n  \"p_uploaddate\": \"2022-06-14T12:00:00\",\r\n  \"p_batchtype\": \"POSTUPLOAD\",\r\n  \"p_isdelta\": true\r\n}"}},{"action":1,"internalid":null,"parentinternalid":"GENERIC_SYMB","tradableinstrumentid":"23363","tradableinstrumentidtype":"ISIN","currencyid":"ZAR","shortname":"R202 BOND","marketid":"BONDS","marketlistid":"BONDS","segmentid":"BOND","validfromdate":"2003-08-20","validtodate":"2033-12-07","contractsize":1,"settlementcycle":"3","contractcode":"R202","contractcategory":"BOND","contractdescription":"R202 BOND","instrumenttype":"BO","alphacode":"R202","isin":"ZAG000019944","valuationmodeltype":"MARK_TO_MARKET","istradable":false,"maturitydate":"2033-12-07","daycountconvention":"ACTUAL_365","businessdayconvention":"FOLL_GOOD","rtccalendarid":"ZA","couponrate":34500.00000000000000000,"listingdate":"2003-08-20","couponfrequencyperiod":2,"couponindicator":"FIXED","coupondates":"0607,1207","bookclosingdates":"0528,1127","priceformat":6,"instrumentsubtype":"BOND","assetclass":"FIXED_INCOME","assetsubclass":"NOMINAL_INTEREST_RATE","interestcommencementdate":"2003-12-07","inwardlisted":false,"anyday":false,"nominal":100000000.0000000000,"redemptionfraction":1000000.0000000000,"compoundingconventionofyield":"NACS","compoundingconventionofcouponrate":"NACS","exchange":"JSE","country":"ZA","difference":"Not in RTC","successfuldownload":true,"p_uploaddate":"2022-06-14T12:00:00","p_batchtype":"POSTUPLOAD","p_isdelta":true,"p_align":false,"IntegrationKey":"23363","CreatedDateTime":"2022-07-23T00:00:00Z","CreatedTime":"10675199.02:48:05.4775807","BusinessKey":{"BusinessDate":"2022-06-14T00:00:00","NextBusinessDate":"0001-01-01T00:00:00","MessagePath":null,"UseCompoundedBusinessKey":false,"SwitchToChildRecords":false,"CreatedTime":"10675199.02:48:05.4775807","TimeFramed":false,"BusinessKey":"{\r\n  \"Key\": \"tradableinstrumentid\",\r\n  \"Value\": 23363\r\n}","RelationshipKey":null,"GivenProperty":null,"CompoundedBusinessKey":"{\r\n  \"p_uploaddate\": \"2022-06-14T12:00:00\",\r\n  \"p_batchtype\": \"POSTUPLOAD\",\r\n  \"p_isdelta\": true\r\n}"}},{"action":1,"internalid":null,"parentinternalid":"GENERIC_SYMB","tradableinstrumentid":"200003677","tradableinstrumentidtype":"ISIN","currencyid":"ZAR","shortname":"R095 BOND","marketid":"BONDS","marketlistid":"BONDS","segmentid":"BOND","validfromdate":"2022-06-10","validtodate":"2052-11-10","contractsize":1,"settlementcycle":"3","contractcode":"R095","contractcategory":"BOND","contractdescription":"R095 BOND","instrumenttype":"BO","alphacode":"R095","isin":"ZAG991733594","valuationmodeltype":"MARK_TO_MARKET","istradable":false,"maturitydate":"2052-11-10","daycountconvention":"ACTUAL_365","businessdayconvention":"FOLL_GOOD","rtccalendarid":"ZA","couponrate":1000.0000000000000000,"listingdate":"2022-06-10","couponfrequencyperiod":2,"couponindicator":"FIXED","coupondates":"0510,1110","bookclosingdates":"0430,1031","priceformat":6,"instrumentsubtype":"BOND","assetclass":"FIXED_INCOME","assetsubclass":"NOMINAL_INTEREST_RATE","interestcommencementdate":"2022-11-10","inwardlisted":false,"anyday":false,"nominal":100000000.0000000000,"redemptionfraction":1000000.0000000000,"compoundingconventionofyield":"NACS","compoundingconventionofcouponrate":"NACS","exchange":"JSE","country":"ZA","difference":"Not in RTC","successfuldownload":true,"p_uploaddate":"2022-06-14T12:00:00","p_batchtype":"POSTUPLOAD","p_isdelta":true,"p_align":false,"IntegrationKey":"200003677","CreatedDateTime":"2022-07-23T00:00:00Z","CreatedTime":"10675199.02:48:05.4775807","BusinessKey":{"BusinessDate":"2022-06-14T00:00:00","NextBusinessDate":"0001-01-01T00:00:00","MessagePath":null,"UseCompoundedBusinessKey":false,"SwitchToChildRecords":false,"CreatedTime":"10675199.02:48:05.4775807","TimeFramed":false,"BusinessKey":"{\r\n  \"Key\": \"tradableinstrumentid\",\r\n  \"Value\": 200003677\r\n}","RelationshipKey":null,"GivenProperty":null,"CompoundedBusinessKey":"{\r\n  \"p_uploaddate\": \"2022-06-14T12:00:00\",\r\n  \"p_batchtype\": \"POSTUPLOAD\",\r\n  \"p_isdelta\": true\r\n}"}},{"action":1,"internalid":null,"parentinternalid":"GENERIC_SYMB","tradableinstrumentid":"200003678","tradableinstrumentidtype":"ISIN","currencyid":"ZAR","shortname":"R094 BOND","marketid":"BONDS","marketlistid":"BONDS","segmentid":"BOND","validfromdate":"2022-06-10","validtodate":"2048-11-10","contractsize":1,"settlementcycle":"3","contractcode":"R094","contractcategory":"BOND","contractdescription":"R094 BOND","instrumenttype":"BO","alphacode":"R094","isin":"ZAG991733602","valuationmodeltype":"MARK_TO_MARKET","istradable":false,"maturitydate":"2048-11-10","daycountconvention":"ACTUAL_365","businessdayconvention":"FOLL_GOOD","rtccalendarid":"ZA","couponrate":1000.0000000000000000,"listingdate":"2022-06-10","couponfrequencyperiod":2,"couponindicator":"FIXED","coupondates":"0510,1110","bookclosingdates":"0430,1031","priceformat":6,"instrumentsubtype":"BOND","assetclass":"FIXED_INCOME","assetsubclass":"NOMINAL_INTEREST_RATE","interestcommencementdate":"2022-11-10","inwardlisted":false,"anyday":false,"nominal":100000000.0000000000,"redemptionfraction":1000000.0000000000,"compoundingconventionofyield":"NACS","compoundingconventionofcouponrate":"NACS","exchange":"JSE","country":"ZA","difference":"Not in RTC","successfuldownload":true,"p_uploaddate":"2022-06-14T12:00:00","p_batchtype":"POSTUPLOAD","p_isdelta":true,"p_align":false,"IntegrationKey":"200003678","CreatedDateTime":"2022-07-23T00:00:00Z","CreatedTime":"10675199.02:48:05.4775807","BusinessKey":{"BusinessDate":"2022-06-14T00:00:00","NextBusinessDate":"0001-01-01T00:00:00","MessagePath":null,"UseCompoundedBusinessKey":false,"SwitchToChildRecords":false,"CreatedTime":"10675199.02:48:05.4775807","TimeFramed":false,"BusinessKey":"{\r\n  \"Key\": \"tradableinstrumentid\",\r\n  \"Value\": 200003678\r\n}","RelationshipKey":null,"GivenProperty":null,"CompoundedBusinessKey":"{\r\n  \"p_uploaddate\": \"2022-06-14T12:00:00\",\r\n  \"p_batchtype\": \"POSTUPLOAD\",\r\n  \"p_isdelta\": true\r\n}"}},{"action":1,"internalid":null,"parentinternalid":"GENERIC_SYMB","tradableinstrumentid":"25260","tradableinstrumentidtype":"ISIN","currencyid":"ZAR","shortname":"R210 BOND","marketid":"BONDS","marketlistid":"BONDS","segmentid":"BOND","validfromdate":"2007-09-27","validtodate":"2022-07-15","contractsize":1,"settlementcycle":"3","contractcode":"R210","contractcategory":"BOND","contractdescription":"R210 BOND","instrumenttype":"BO","alphacode":"R210","isin":"ZAG000041849","valuationmodeltype":"MARK_TO_MARKET","istradable":false,"maturitydate":"2022-07-15","daycountconvention":"ACTUAL_365","businessdayconvention":"FOLL_GOOD","rtccalendarid":"ZA","couponrate":26000.0000000000000000,"listingdate":"2007-09-27","couponfrequencyperiod":2,"couponindicator":"FIXED","coupondates":"0331,0930","bookclosingdates":"0321,0920","priceformat":6,"instrumentsubtype":"BOND","assetclass":"FIXED_INCOME","assetsubclass":"NOMINAL_INTEREST_RATE","interestcommencementdate":"2007-09-30","inwardlisted":false,"anyday":false,"nominal":100000000.0000000000,"redemptionfraction":1000000.0000000000,"compoundingconventionofyield":"NACS","compoundingconventionofcouponrate":"NACS","exchange":"JSE","country":"ZA","difference":"Not in RTC","successfuldownload":true,"p_uploaddate":"2022-06-14T12:00:00","p_batchtype":"POSTUPLOAD","p_isdelta":true,"p_align":false,"IntegrationKey":"25260","CreatedDateTime":"2022-07-23T00:00:00Z","CreatedTime":"10675199.02:48:05.4775807","BusinessKey":{"BusinessDate":"2022-06-14T00:00:00","NextBusinessDate":"0001-01-01T00:00:00","MessagePath":null,"UseCompoundedBusinessKey":false,"SwitchToChildRecords":false,"CreatedTime":"10675199.02:48:05.4775807","TimeFramed":false,"BusinessKey":"{\r\n  \"Key\": \"tradableinstrumentid\",\r\n  \"Value\": 25260\r\n}","RelationshipKey":null,"GivenProperty":null,"CompoundedBusinessKey":"{\r\n  \"p_uploaddate\": \"2022-06-14T12:00:00\",\r\n  \"p_batchtype\": \"POSTUPLOAD\",\r\n  \"p_isdelta\": true\r\n}"}}]